# Blender 5.1.1
# www.blender.org
mtllib tree.mtl
o Cube
v 1.000000 1.000000 -1.000000
v 1.000000 -1.000000 -1.000000
v 1.000000 1.000000 1.000000
v 1.000000 -1.000000 1.000000
v -1.000000 1.000000 -1.000000
v -1.000000 -1.000000 -1.000000
v -1.000000 1.000000 1.000000
v -1.000000 -1.000000 1.000000
vn -0.0000 1.0000 -0.0000
vn -0.0000 -0.0000 1.0000
vn -1.0000 -0.0000 -0.0000
vn -0.0000 -1.0000 -0.0000
vn 1.0000 -0.0000 -0.0000
vn -0.0000 -0.0000 -1.0000
vt 0.625000 0.500000
vt 0.875000 0.500000
vt 0.875000 0.750000
vt 0.625000 0.750000
vt 0.375000 0.750000
vt 0.625000 1.000000
vt 0.375000 1.000000
vt 0.375000 0.000000
vt 0.625000 0.000000
vt 0.625000 0.250000
vt 0.375000 0.250000
vt 0.125000 0.500000
vt 0.375000 0.500000
vt 0.125000 0.750000
s 0
usemtl Material
f 1/1/1 5/2/1 7/3/1 3/4/1
f 4/5/2 3/4/2 7/6/2 8/7/2
f 8/8/3 7/9/3 5/10/3 6/11/3
f 6/12/4 2/13/4 4/5/4 8/14/4
f 2/13/5 1/1/5 3/4/5 4/5/5
f 6/11/6 5/10/6 1/1/6 2/13/6
o Tree2m
v 0.042651 5.903961 -3.901685
v -0.499560 0.762136 -3.250537
v 0.360002 0.834304 -3.190077
v -1.312429 -0.314324 -3.545382
v -0.987771 -0.365605 -4.499505
v 1.044460 -0.361293 -4.354705
v 1.642473 17.858915 -6.844303
v -0.890465 12.836060 -3.844002
v -0.088541 9.244314 -4.215264
v -0.863128 12.553364 -4.043348
v -0.326489 10.768316 -4.178164
v 0.812207 11.253437 -5.233323
v 1.628361 17.043789 -7.083206
v 1.739352 17.154364 -7.146315
v -1.183478 12.939177 -3.602520
v -1.472114 12.975929 -3.078589
v -1.253202 13.137035 -3.065373
v -1.558683 13.686592 -2.593903
v 1.274173 11.133715 -1.517575
v 0.443930 10.133314 -3.657517
v 0.236832 10.948448 -4.677531
v -0.034330 9.617657 -3.916920
v 0.258461 10.106495 -3.490369
v -0.342910 10.988258 -3.894621
v -0.876837 12.521231 -3.632961
v -1.154312 12.563339 -3.983374
v 0.336635 -0.439323 -2.329354
v 1.204614 -0.516744 -3.305291
v -0.109685 -0.413385 -4.896492
v 1.412510 11.678213 -1.462237
v 0.528012 0.750541 -4.037160
v -0.940828 -0.343396 -2.677971
v -0.677775 0.674996 -3.779138
v -0.299759 0.733970 -4.309353
v 0.207525 3.088962 -4.422167
v 0.468930 3.623199 -4.150837
v 0.436901 3.140119 -3.614231
v -0.515421 3.109837 -3.901263
v -0.188662 3.015024 -4.427464
v 0.002703 2.777926 -3.355845
v -0.380082 3.119189 -3.567208
v -0.186885 6.276504 -4.421981
v 0.223033 6.226873 -4.445991
v 0.237291 6.832608 -4.245162
v -0.120574 6.935454 -4.203030
v 0.202585 7.064930 -4.581554
v 0.208630 9.105789 -4.205958
v 0.209780 8.206524 -3.948650
v -0.128602 10.954809 -3.963989
v 0.438366 10.386097 -4.423552
v 1.194634 12.161373 -6.019749
v 1.460299 12.064545 -5.988751
v 1.331776 12.072451 -5.720894
v 1.653503 13.041117 -6.547640
v 1.594318 13.121061 -6.295343
v 2.050072 13.569557 -6.157918
v 2.119995 13.688162 -6.439929
v 2.399465 14.258545 -6.299477
v 2.037480 14.028521 -6.304987
v 2.798436 14.876871 -6.256063
v 3.678685 15.586576 -6.408166
v 3.521002 15.691343 -6.470434
v 2.209022 14.980844 -6.514297
v 2.155101 14.967882 -6.361380
v 1.762404 17.126869 -6.974658
v 1.653093 17.009680 -6.959039
v -2.304508 14.127077 -4.163720
v -1.852175 13.460403 -4.019857
v -2.484360 14.090988 -4.173048
v -2.725816 14.990612 -4.323442
v -2.349051 13.984541 -4.304707
v -1.321643 13.036058 -2.873927
v 0.254679 10.338791 -3.446473
v 0.375303 10.398830 -3.603756
v 0.896063 10.545591 -2.096046
v 1.127345 10.678310 -2.148340
v 3.786201 16.059540 -6.319393
v 1.598296 17.778059 -6.974784
v -1.635993 13.575523 -2.576878
v -0.360490 3.366002 -4.311071
v -0.114027 7.066724 -4.596610
v -0.201447 8.174803 -3.983016
v 0.215757 9.292452 -3.863425
v 0.536533 11.148331 -4.726145
v 1.872560 12.992599 -6.324536
v 2.642606 14.704126 -6.402559
v 2.080485 14.785690 -6.481987
v -1.208534 12.657244 -3.666059
v -2.330843 14.165216 -4.300375
v 0.732141 10.084307 -2.683972
v 1.200469 10.457014 -2.020476
vn 0.0156 0.1566 0.9875
vn 0.8164 0.1052 0.5678
vn 0.0691 0.2074 0.9758
vn -0.6993 0.1450 0.7000
vn -0.4483 -0.5795 0.6806
vn -0.7587 -0.1902 0.6230
vn 0.4325 -0.1717 0.8851
vn -0.6761 0.2763 -0.6831
vn 0.9279 -0.0368 -0.3709
vn 0.7506 -0.0378 -0.6597
vn -0.7914 0.0210 -0.6110
vn -0.2886 -0.0234 -0.9572
vn -0.3361 0.2707 -0.9021
vn 0.5580 0.3721 0.7417
vn -0.6677 0.4299 0.6078
vn -0.4903 -0.1619 0.8564
vn 0.5486 0.8094 0.2093
vn 0.6842 0.7269 0.0584
vn 0.4010 -0.0260 -0.9157
vn 0.9513 0.0300 -0.3069
vn 0.8141 0.3088 -0.4918
vn -0.5783 0.3713 0.7264
vn -0.9961 0.0836 0.0274
vn -0.9341 0.3406 -0.1069
vn -0.6718 0.5609 0.4838
vn 0.7327 0.4785 -0.4839
vn 0.8966 0.4370 -0.0721
vn 0.0202 0.4363 -0.8996
vn -0.8642 0.1201 -0.4886
vn -0.7709 -0.0305 -0.6362
vn 0.2960 -0.0459 -0.9541
vn 0.6103 -0.3536 0.7089
vn 0.5766 -0.1861 -0.7956
vn 0.1641 -0.1251 -0.9785
vn -0.8750 -0.0110 -0.4839
vn 0.6141 -0.0192 -0.7890
vn 0.8361 0.0777 0.5430
vn -0.3795 -0.0644 0.9230
vn -0.7428 -0.0041 -0.6695
vn -0.8419 0.5396 -0.0018
vn 0.6461 0.0028 -0.7632
vn -0.7942 -0.0719 0.6034
vn 0.6524 -0.0976 0.7516
vn 0.4427 0.2221 -0.8687
vn -0.6726 -0.4695 -0.5720
vn 0.5335 -0.0670 0.8431
vn -0.7748 -0.5647 0.2841
vn 0.8208 0.5626 -0.0991
vn 0.4269 -0.8063 -0.4094
vn 0.3510 0.6722 0.6519
vn -0.6376 0.1705 -0.7512
vn 0.3751 0.3712 0.8494
vn 0.6466 -0.6692 -0.3661
vn -0.8677 -0.0184 -0.4968
vn -0.7658 0.4280 0.4800
vn 0.8924 -0.4139 0.1795
vn -0.2672 -0.0634 -0.9616
vn 0.3973 -0.1283 0.9087
vn -0.8784 0.2413 0.4125
vn -0.1354 0.4554 0.8799
vn 0.8800 -0.4620 -0.1103
vn 0.4862 0.8598 0.1563
vn -0.2934 0.4386 0.8494
vn -0.7158 0.0030 0.6983
vn 0.8267 0.1253 0.5486
vn 0.6498 0.7031 0.2887
vn -0.8284 -0.1850 -0.5287
vn 0.0341 0.8889 0.4569
vn -0.4221 0.7023 -0.5733
vn -0.7407 -0.4605 0.4892
vn -0.3836 0.9186 0.0957
vn 0.6018 0.3442 -0.7207
vn 0.4524 0.5163 0.7272
vn -0.4250 -0.4404 -0.7909
vn -0.8421 -0.2948 0.4515
vn -0.3648 0.9255 -0.1021
vn 0.9045 0.3849 0.1836
vn 0.3419 -0.4983 0.7967
vn -0.8662 -0.4986 0.0318
vn -0.7262 0.1605 0.6684
vn -0.0105 0.9098 0.4150
vn 0.4407 0.5884 -0.6779
vn 0.6398 -0.6808 0.3566
vn 0.9659 -0.2579 0.0246
vn -0.8349 0.0459 0.5485
vn 0.0429 -0.2173 0.9752
vn -0.0191 -0.9672 0.2532
vn 0.2599 0.8920 0.3698
vn 0.9461 -0.2913 0.1412
vn -0.6396 0.4663 -0.6111
vn 0.2568 0.5379 0.8029
vn 0.5579 0.3722 0.7418
vn -0.1804 0.5530 0.8134
vn 0.7743 0.4458 0.4492
vn 0.7743 0.4457 0.4493
vn -0.5661 0.0215 -0.8241
vn -0.1117 0.3047 0.9459
vn -0.2999 0.3669 -0.8806
vn 0.3975 0.1318 -0.9081
vt 0.501351 0.888963
vt 0.718450 1.070060
vt 0.521325 2.451981
vt 0.309959 0.059594
vt 0.501351 -0.111037
vt 0.521325 1.451981
vt 0.629230 0.553247
vt 0.482835 0.308828
vt 0.607878 0.146226
vt 0.618416 0.974224
vt 0.719183 0.693048
vt 0.604315 0.052895
vt 0.319755 0.183001
vt 0.405669 0.007512
vt 0.350120 -1.133015
vt 0.680001 0.917152
vt 0.718450 2.070060
vt 0.501351 1.888963
vt 0.458459 0.308828
vt 0.245184 0.553247
vt 0.223236 0.669395
vt 0.447309 0.994129
vt 0.328545 0.447309
vt 0.627340 0.223236
vt 0.435699 0.481994
vt 0.687652 0.301877
vt 0.711083 0.044481
vt 0.575418 0.311600
vt 0.518580 -1.124730
vt 0.125268 0.881068
vt 0.450631 2.054918
vt 0.389569 0.837498
vt 0.250220 0.881068
vt 0.095038 0.917152
vt 0.518580 0.875270
vt 0.307115 2.070060
vt 0.603762 0.044481
vt 0.764006 -1.124730
vt 0.029586 0.328302
vt 0.677352 0.319354
vt 0.152646 0.241628
vt 0.445158 0.293307
vt 0.764006 0.875270
vt 1.022230 0.319354
vt 0.589082 0.884158
vt 0.607631 0.122157
vt 0.701279 0.852063
vt 0.649737 0.629272
vt 0.719964 0.344081
vt 0.431712 0.146226
vt 0.602979 0.052895
vt 0.711775 0.693048
vt 0.821303 0.852063
vt 0.559997 0.344081
vt 0.604511 0.990422
vt 0.540242 0.892845
vt 0.722995 1.613436
vt 0.622581 1.916304
vt 0.307115 0.070060
vt 0.450631 0.054918
vt 0.283604 0.059594
vt 0.601515 1.967727
vt 0.611516 1.613436
vt 0.618645 0.916304
vt 0.521325 0.451981
vt 0.718450 -0.929940
vt 0.611516 0.613436
vt 0.405669 -0.992488
vt 0.406558 0.638252
vt 0.406558 1.638252
vt 0.710990 1.638252
vt 0.272691 0.342838
vt -0.161014 0.328302
vt 0.622581 0.916304
vt 0.722995 0.613436
vt 0.790777 1.032465
vt 0.439713 0.967727
vt 0.399277 1.587401
vt 0.602979 2.052895
vt 0.474325 1.603262
vt 0.474325 0.603262
vt 0.602979 1.052895
vt 0.431712 1.146226
vt 0.491507 0.587401
vt 0.458459 1.308828
vt 0.607631 1.122157
vt 0.336756 0.884158
vt 0.068436 1.776682
vt 0.435699 0.977405
vt 0.922844 0.781670
vt 1.068436 0.776682
vt 1.336756 -0.115842
vt 0.061582 0.760615
vt -0.104267 0.828622
vt 0.328545 -0.005871
vt 0.333029 0.828622
vt 0.589082 -0.115842
vt 0.447309 -0.005871
vt 0.422000 0.918030
vt 0.316480 0.760615
vt 0.481994 -0.022595
vt 0.906103 1.126719
vt 0.863072 0.074165
vt 0.711775 -0.306952
vt 1.116661 0.126719
vt 0.768266 0.863072
vt 0.618416 0.838765
vt 0.336756 0.589082
vt 0.116661 0.126719
vt 0.360446 0.536225
vt -0.136928 0.074165
vt 0.230149 0.532272
vt -0.093897 0.126719
vt 0.097317 0.580687
vt 0.494375 0.532272
vt 0.647671 0.060531
vt 0.509873 -0.419313
vt 0.360446 -0.463775
vt 0.662267 0.996300
vt 0.165888 0.536225
vt 0.436280 0.996300
vt 0.297159 1.060531
vt 0.509873 0.580687
vt 0.647671 1.060531
vt 0.773819 1.020558
vt 0.297159 0.060531
vt 0.436280 -0.003700
vt 0.525036 0.284779
vt 0.518740 0.514260
vt 0.578958 0.284779
vt 0.899218 0.938436
vt 0.699733 0.629272
vt 1.339343 1.293288
vt 0.393101 0.529770
vt -0.100782 -0.061564
vt 0.339343 0.293288
vt 0.740993 0.892845
vt 0.680689 0.983941
vt 0.979518 2.004840
vt 0.987328 0.063435
vt 0.680689 -1.016059
vt 0.757147 -1.009578
vt 0.326547 0.004840
vt 0.577551 -1.016059
vt 0.381202 0.063435
vt 0.979518 0.004840
vt 1.041602 0.021894
vt 0.740993 -1.107155
vt 0.321237 0.429458
vt 0.041602 0.021894
vt -0.020482 0.004840
vt -0.012609 0.389030
vt 0.987391 0.389030
vt 0.922150 0.429458
vt 0.509928 1.230202
vt 0.491686 0.781670
vt 0.301259 0.969588
vt 0.650187 1.582608
vt 0.581859 1.563539
vt 0.068436 0.776682
vt -0.674525 1.492270
vt -0.665421 1.582608
vt 0.347746 0.563539
vt 0.257820 0.545494
vt 0.573913 0.230202
vt 0.137092 0.995306
vt 0.334579 0.582608
vt 0.325475 0.492270
vt 0.908261 0.301259
vt 0.873399 0.032686
vt 1.054767 0.422000
vt 0.032686 1.068518
vt 0.839178 0.936963
vt 0.763943 1.039294
vt 1.061582 1.316480
vt 0.788438 0.287762
vt 1.301259 -0.030412
vt 1.039294 -0.012035
vt -0.211562 1.287762
vt -0.203050 1.343296
vt 0.032686 0.068518
vt 0.301259 -0.030412
vt -0.203050 0.343296
vt 1.063673 -0.425831
vt 0.574169 0.839155
vt 0.510237 0.728507
vt 1.328758 0.566657
vt 0.948032 0.772796
vt 1.100235 0.728507
vt 1.137087 1.066857
vt 0.866070 0.841985
vt 1.100235 0.510237
vt 0.948032 0.548022
vt 0.258787 0.066857
vt 0.510237 -0.271493
vt 0.231118 0.339107
vt 0.721965 0.566657
vt 0.455730 0.122157
vt 0.125268 -1.118932
vt 0.655536 2.183001
vt 0.654676 0.866985
vt 0.309959 1.059594
vt 0.250220 -0.118932
vt 0.350120 0.866985
vt 0.405669 2.007512
vt 0.603762 2.044481
vt 0.749753 0.317198
vt 0.668317 0.280339
vt -0.335323 0.280339
vt 0.006115 0.317198
vt 0.442986 0.033362
vt 0.601293 0.032465
vt 0.611516 -0.386564
vt 0.406558 -0.361748
vt 0.328758 0.566657
vt 0.652493 0.514260
vt 0.301877 0.699415
vt 0.481994 0.977405
vt 0.575418 -0.688400
vt 0.309959 -0.940406
vt 0.655536 0.183001
vt 0.798305 -0.966638
vt 0.710990 -1.361748
vt 0.491507 -0.412599
vt 0.455730 1.122157
vt 0.604315 1.052895
vt 1.165888 1.360446
vt 1.097317 1.509873
vt 0.399277 0.587401
vt 0.618645 -0.083696
vt 0.604890 0.603262
vt 0.439713 -0.032273
vt 0.607878 1.146226
vt 0.399277 -0.412599
vt 0.521673 0.776682
vt 0.328545 0.994129
vt 0.061582 1.760615
vt -0.381584 -0.025776
vt 0.326752 1.020558
vt 0.326752 0.020558
vt 0.773819 0.020558
vt 0.662267 -0.003700
vt 0.899218 0.628031
vt 0.604511 0.757147
vt 0.577551 0.680689
vt 0.577551 0.983941
vt -0.300267 -0.370728
vt -0.178697 -0.147937
vt 0.628031 0.938436
vt 0.735216 1.345672
vt 0.260501 0.345672
vt 0.659695 0.529770
vt 0.735216 0.345672
vt 0.628031 -0.061564
vt 0.369676 2.077182
vt 0.369676 0.077182
vt 0.540242 -1.107155
vt 0.314181 0.021894
vt 1.073156 0.077182
vt 0.299148 0.389030
vt 0.073156 0.077182
vt -0.077850 0.429458
vt -0.012672 0.063435
vt -0.077156 0.781670
vt 0.334579 0.650187
vt 0.908261 0.969588
vt 0.347746 1.563539
vt 0.573913 1.230202
vt 0.895733 -0.171378
vt 0.908261 -0.030412
vt 0.652352 0.492270
vt 0.491686 -0.218330
vt 0.509928 0.230202
vt 0.325475 0.652352
vt 0.573913 0.509928
vt 0.257820 0.586523
vt 0.586523 0.545494
vt 0.661720 0.995306
vt 0.581859 0.563539
vt 0.650187 0.582608
vt 0.061582 0.316480
vt -0.236057 0.039294
vt -0.104267 0.333029
vt 0.039294 0.987965
vt 0.936963 0.018029
vt 1.316480 -0.239385
vt 1.032686 0.068518
vt 0.682003 0.788438
vt -0.063037 0.018029
vt 0.720659 0.343296
vt 0.682003 0.287762
vt 0.839178 0.018029
vt 0.629230 0.245184
vt 0.721965 0.328758
vt 0.866070 -0.158015
vt 0.548022 0.772796
vt 1.223236 0.669395
vt 1.245184 0.553247
vt 0.841985 0.542153
vt -0.425831 0.839155
vt 0.063673 0.574169
vt -0.372660 1.223236
vt -0.051968 0.548022
vt -0.489763 0.728507
vt -0.158015 0.542153
vt 0.548022 -0.227204
vt 0.063673 0.839155
vt -0.051968 0.772796
vt 0.206255 1.339107
vt 0.574169 -0.160845
s 1
usemtl Material.006
f 48/15/7 45/16/8 9/17/9
f 49/18/10 48/19/7 9/20/9
f 31/21/11 30/22/12 91/23/13
f 29/24/14 58/25/15 55/26/16
f 88/27/17 47/28/18 42/29/19
f 11/30/20 45/31/8 48/32/7
f 30/33/12 31/34/11 81/35/21
f 81/35/21 32/36/22 30/33/12
f 32/37/22 81/38/21 57/39/23
f 57/39/23 81/38/21 82/40/24
f 43/41/25 44/42/26 39/43/27
f 10/44/28 46/45/29 41/46/30
f 10/47/28 11/30/20 48/32/7
f 11/48/20 39/49/27 45/50/8
f 43/51/25 39/52/27 42/29/19
f 11/30/20 10/47/28 40/53/31
f 14/54/32 39/49/27 36/55/33
f 37/56/34 39/57/27 14/58/32
f 19/59/35 17/60/36 32/36/22
f 94/61/37 66/62/38 65/63/39
f 91/64/13 55/65/16 58/66/15
f 94/67/37 65/68/39 71/69/40
f 65/68/39 95/70/41 71/69/40
f 43/41/25 51/71/42 44/42/26
f 44/42/26 52/72/43 45/73/8
f 46/74/29 49/75/10 53/76/44
f 43/51/25 47/28/18 51/77/42
f 52/78/43 9/79/9 45/80/8
f 51/81/42 47/82/18 50/83/45
f 47/28/18 88/27/17 50/84/45
f 46/74/29 53/76/44 50/85/45
f 10/44/28 41/46/30 12/86/46 40/87/31
f 52/88/43 51/89/42 54/90/47
f 53/91/44 52/78/43 90/92/48
f 52/88/43 55/93/16 56/94/49
f 56/95/49 55/96/16 91/97/13
f 90/98/48 30/99/12 17/100/36
f 19/101/35 18/102/50 57/103/23
f 34/104/51 18/105/50 19/106/35
f 33/107/52 96/108/53 32/109/22
f 96/110/53 19/111/35 32/112/22
f 16/113/54 33/114/52 57/115/23
f 58/25/15 29/24/14 20/116/55
f 92/117/56 58/118/15 20/119/55
f 92/120/56 29/121/14 57/39/23
f 29/121/57 19/122/35 57/39/23
f 20/123/55 61/124/58 92/125/56
f 60/126/59 20/127/55 59/128/60
f 61/124/58 20/123/55 60/129/59
f 63/130/61 59/131/60 61/132/58
f 60/129/59 93/133/62 61/124/58
f 61/134/58 93/135/62 63/136/61
f 59/137/60 63/138/61 62/139/63
f 63/140/61 93/141/62 64/142/64
f 64/142/64 67/143/65 63/140/61
f 66/62/38 64/144/64 65/63/39
f 68/145/66 66/146/38 69/147/67
f 85/148/68 68/149/66 69/150/67
f 95/151/41 72/152/69 74/153/70
f 73/154/71 72/155/69 71/156/72
f 74/157/70 72/158/69 73/159/71
f 74/160/70 21/161/73 95/162/41
f 74/157/70 73/159/71 15/163/74
f 21/164/73 74/165/70 86/166/75
f 86/167/75 74/160/70 15/168/74
f 96/110/53 76/169/76 34/170/51
f 23/171/77 97/172/78 75/173/79
f 18/174/50 79/175/80 97/176/78
f 75/177/79 77/178/81 76/179/76
f 78/180/82 97/181/78 79/182/80
f 23/183/77 25/184/83 16/185/54
f 33/114/52 16/113/54 25/186/83
f 80/187/84 24/188/85 33/189/52
f 87/190/86 23/191/77 24/192/85
f 23/171/77 87/193/86 26/194/87
f 25/195/83 23/196/77 26/197/87
f 81/38/21 84/198/88 82/40/24
f 84/199/88 99/200/89 28/201/90
f 83/202/91 99/203/89 27/204/92
f 98/205/93 99/206/89 83/207/91
f 27/208/92 99/209/89 38/210/94
f 31/21/11 91/23/95 28/211/90
f 17/212/36 29/24/57 55/26/16
f 17/212/36 19/101/35 29/24/57
f 46/74/29 10/213/28 49/75/10
f 45/73/8 39/43/27 44/42/26
f 41/46/30 46/45/29 88/214/17
f 41/46/30 88/214/17 42/215/19
f 48/15/7 49/216/10 10/217/28
f 42/218/19 47/219/18 43/220/25
f 13/221/96 12/86/46 41/46/30 42/215/19
f 35/222/97 11/30/98 40/53/99
f 36/55/100 39/49/27 11/48/20
f 36/55/101 11/48/98 35/223/97
f 37/56/34 13/224/96 42/218/19
f 37/56/34 42/218/19 39/57/27
f 32/36/22 17/60/36 30/33/12
f 89/225/102 54/226/47 51/227/42 50/228/45
f 91/64/95 58/66/15 28/229/90
f 67/230/65 95/151/41 65/63/39
f 95/151/41 67/230/65 72/152/69
f 82/231/24 28/229/90 58/66/15
f 58/66/15 57/232/23 82/231/24
f 52/88/43 44/233/26 51/89/42
f 9/79/9 53/91/44 49/234/10
f 46/74/29 50/85/45 88/235/17
f 17/60/36 89/236/102 50/237/45 90/238/48
f 9/79/9 52/78/43 53/91/44
f 52/88/43 54/90/47 55/93/16
f 89/225/102 17/239/36 55/240/16 54/226/47
f 29/121/14 92/120/56 61/241/58 59/242/60
f 90/243/48 52/244/43 56/245/49
f 90/243/48 50/228/45 53/246/44
f 90/243/48 56/245/49 91/247/13
f 91/23/13 30/22/12 90/248/48
f 16/113/54 57/115/23 18/249/50
f 32/250/22 57/103/23 33/251/52
f 96/110/53 34/170/51 19/111/35
f 92/117/56 57/115/23 58/118/15
f 59/128/60 20/127/55 29/252/14
f 60/126/59 62/253/63 93/135/62
f 59/128/60 62/253/63 60/126/59
f 62/254/63 65/68/39 93/141/62
f 63/130/61 67/230/65 62/255/63
f 64/144/64 93/256/62 65/63/39
f 62/254/63 67/143/65 65/68/39
f 67/143/65 64/142/64 66/146/38
f 66/146/38 68/145/66 67/143/65
f 68/257/103 71/258/72 72/259/69
f 72/260/69 67/143/65 68/145/103
f 94/67/37 71/69/40 68/145/66
f 69/150/67 66/261/38 94/262/37
f 94/61/37 68/263/66 70/264/104
f 69/150/67 94/262/37 70/265/104
f 85/266/68 70/267/104 68/268/66
f 85/148/68 69/150/67 70/265/104
f 95/70/41 22/269/105 71/69/40
f 22/270/105 95/271/41 21/272/73
f 73/154/71 71/156/40 22/273/105
f 86/274/75 22/270/105 21/272/73
f 22/275/105 15/276/74 73/277/71
f 15/168/74 22/273/105 86/167/75
f 18/249/50 97/172/78 16/113/54
f 18/174/50 34/278/51 79/175/80
f 23/183/77 16/185/54 97/279/78
f 23/280/77 75/281/79 76/282/76
f 76/179/76 96/283/53 23/284/77
f 79/285/80 34/286/51 76/287/76
f 79/288/80 76/289/76 77/290/81
f 77/291/81 78/292/82 79/285/80
f 75/293/79 97/294/78 78/292/82
f 75/177/79 78/180/82 77/178/81
f 33/295/52 24/296/85 96/297/53
f 96/110/53 24/298/85 23/171/77
f 80/299/84 33/300/52 25/301/83
f 87/302/86 24/188/85 80/187/84
f 25/195/83 26/197/87 80/303/84
f 26/304/87 87/305/86 80/306/84
f 31/307/11 28/308/90 98/309/93
f 83/310/91 81/311/21 31/312/11
f 83/310/91 31/312/11 98/313/93
f 82/231/24 84/314/88 28/229/90
f 84/315/88 81/316/21 83/317/91
f 28/229/90 99/318/89 98/319/93
f 27/208/92 38/210/94 83/320/91
f 84/321/88 83/322/91 38/323/94
f 38/210/94 99/209/89 84/324/88
o Tree2
v 0.042651 5.903961 7.098315
v -0.499560 0.762136 7.749463
v 0.360002 0.834304 7.809923
v -1.312429 -0.314324 7.454618
v -0.987771 -0.365605 6.500495
v 1.044460 -0.361293 6.645295
v 1.642473 17.858915 4.155697
v -0.890465 12.836060 7.155997
v -0.088541 9.244314 6.784736
v -0.863128 12.553364 6.956652
v -0.326489 10.768316 6.821835
v 0.812207 11.253437 5.766677
v 1.628361 17.043789 3.916793
v 1.739352 17.154364 3.853684
v -1.183478 12.939177 7.397480
v -1.472114 12.975929 7.921411
v -1.253202 13.137035 7.934626
v -1.558683 13.686592 8.406096
v 1.274173 11.133715 9.482424
v 0.443930 10.133314 7.342483
v 0.236832 10.948448 6.322469
v -0.034330 9.617657 7.083079
v 0.258461 10.106495 7.509630
v -0.342910 10.988258 7.105379
v -0.876837 12.521231 7.367039
v -1.154312 12.563339 7.016625
v 0.336635 -0.439323 8.670645
v 1.204614 -0.516744 7.694708
v -0.109685 -0.413385 6.103508
v 1.412510 11.678213 9.537763
v 0.528012 0.750541 6.962840
v -0.940828 -0.343396 8.322028
v -0.677775 0.674996 7.220862
v -0.299759 0.733970 6.690647
v 0.207525 3.088962 6.577832
v 0.468930 3.623199 6.849162
v 0.436901 3.140119 7.385768
v -0.515421 3.109837 7.098737
v -0.188662 3.015024 6.572535
v 0.002703 2.777926 7.644155
v -0.380082 3.119189 7.432791
v -0.186885 6.276504 6.578018
v 0.223033 6.226873 6.554008
v 0.237291 6.832608 6.754838
v -0.120574 6.935454 6.796969
v 0.202585 7.064930 6.418445
v 0.208630 9.105789 6.794041
v 0.209780 8.206524 7.051349
v -0.128602 10.954809 7.036010
v 0.438366 10.386097 6.576448
v 1.194634 12.161373 4.980251
v 1.460299 12.064545 5.011249
v 1.331776 12.072451 5.279106
v 1.653503 13.041117 4.452360
v 1.594318 13.121061 4.704657
v 2.050072 13.569557 4.842081
v 2.119995 13.688162 4.560070
v 2.399465 14.258545 4.700522
v 2.037480 14.028521 4.695012
v 2.798436 14.876871 4.743936
v 3.678685 15.586576 4.591834
v 3.521002 15.691343 4.529565
v 2.209022 14.980844 4.485703
v 2.155101 14.967882 4.638620
v 1.762404 17.126869 4.025341
v 1.653093 17.009680 4.040961
v -2.304508 14.127077 6.836279
v -1.852175 13.460403 6.980142
v -2.484360 14.090988 6.826952
v -2.725816 14.990612 6.676558
v -2.349051 13.984541 6.695293
v -1.321643 13.036058 8.126072
v 0.254679 10.338791 7.553526
v 0.375303 10.398830 7.396244
v 0.896063 10.545591 8.903954
v 1.127345 10.678310 8.851660
v 3.786201 16.059540 4.680607
v 1.598296 17.778059 4.025216
v -1.635993 13.575523 8.423121
v -0.360490 3.366002 6.688928
v -0.114027 7.066724 6.403389
v -0.201447 8.174803 7.016984
v 0.215757 9.292452 7.136575
v 0.536533 11.148331 6.273854
v 1.872560 12.992599 4.675463
v 2.642606 14.704126 4.597440
v 2.080485 14.785690 4.518012
v -1.208534 12.657244 7.333941
v -2.330843 14.165216 6.699624
v 0.732141 10.084307 8.316028
v 1.200469 10.457014 8.979524
vn 0.0156 0.1566 0.9875
vn 0.8164 0.1052 0.5678
vn 0.0691 0.2074 0.9758
vn -0.6993 0.1450 0.7000
vn -0.4483 -0.5795 0.6806
vn -0.7587 -0.1902 0.6230
vn 0.4325 -0.1717 0.8851
vn -0.6761 0.2763 -0.6831
vn 0.9279 -0.0368 -0.3709
vn 0.7506 -0.0378 -0.6597
vn -0.7914 0.0210 -0.6110
vn -0.2886 -0.0234 -0.9572
vn -0.3361 0.2707 -0.9021
vn 0.5580 0.3721 0.7417
vn -0.6677 0.4299 0.6078
vn -0.4903 -0.1619 0.8564
vn 0.5486 0.8094 0.2093
vn 0.6842 0.7269 0.0584
vn 0.4010 -0.0260 -0.9157
vn 0.9513 0.0300 -0.3069
vn 0.8141 0.3088 -0.4918
vn -0.5783 0.3713 0.7264
vn -0.9961 0.0836 0.0274
vn -0.9341 0.3406 -0.1069
vn -0.6718 0.5609 0.4838
vn 0.7327 0.4785 -0.4839
vn 0.8966 0.4370 -0.0721
vn 0.0202 0.4363 -0.8996
vn -0.8642 0.1201 -0.4886
vn -0.7709 -0.0305 -0.6362
vn 0.2960 -0.0459 -0.9541
vn 0.6103 -0.3536 0.7089
vn 0.5766 -0.1861 -0.7956
vn 0.1641 -0.1251 -0.9785
vn -0.8750 -0.0110 -0.4839
vn 0.6141 -0.0192 -0.7890
vn 0.8361 0.0777 0.5430
vn -0.3795 -0.0644 0.9230
vn -0.7428 -0.0041 -0.6695
vn -0.8419 0.5396 -0.0018
vn 0.6461 0.0028 -0.7632
vn -0.7942 -0.0719 0.6034
vn 0.6524 -0.0976 0.7516
vn 0.4427 0.2221 -0.8687
vn -0.6726 -0.4695 -0.5720
vn 0.5335 -0.0670 0.8431
vn -0.7748 -0.5647 0.2841
vn 0.8208 0.5626 -0.0991
vn 0.4269 -0.8063 -0.4094
vn 0.3510 0.6722 0.6519
vn -0.6376 0.1705 -0.7512
vn 0.3751 0.3712 0.8494
vn 0.6466 -0.6692 -0.3661
vn -0.8677 -0.0184 -0.4968
vn -0.7658 0.4280 0.4800
vn 0.8924 -0.4139 0.1795
vn -0.2672 -0.0634 -0.9616
vn 0.3973 -0.1283 0.9087
vn -0.8784 0.2413 0.4125
vn -0.1354 0.4554 0.8799
vn 0.8800 -0.4620 -0.1103
vn 0.4862 0.8598 0.1563
vn -0.2934 0.4386 0.8494
vn -0.7158 0.0030 0.6983
vn 0.8267 0.1253 0.5486
vn 0.6498 0.7031 0.2887
vn -0.8284 -0.1850 -0.5287
vn 0.0341 0.8889 0.4569
vn -0.4221 0.7023 -0.5733
vn -0.7407 -0.4605 0.4892
vn -0.3836 0.9186 0.0957
vn 0.6018 0.3442 -0.7207
vn 0.4524 0.5163 0.7272
vn -0.4250 -0.4404 -0.7909
vn -0.8421 -0.2948 0.4515
vn -0.3648 0.9255 -0.1021
vn 0.9045 0.3849 0.1836
vn 0.3419 -0.4983 0.7967
vn -0.8662 -0.4986 0.0318
vn -0.7262 0.1605 0.6684
vn -0.0105 0.9098 0.4150
vn 0.4407 0.5884 -0.6779
vn 0.6398 -0.6808 0.3566
vn 0.9659 -0.2579 0.0246
vn -0.8349 0.0459 0.5485
vn 0.0429 -0.2173 0.9752
vn -0.0191 -0.9672 0.2532
vn 0.2599 0.8920 0.3698
vn 0.9461 -0.2913 0.1412
vn -0.6396 0.4663 -0.6111
vn 0.2568 0.5379 0.8029
vn 0.5579 0.3722 0.7418
vn -0.1804 0.5530 0.8134
vn 0.7743 0.4458 0.4492
vn 0.7743 0.4457 0.4493
vn -0.5661 0.0215 -0.8241
vn -0.1117 0.3047 0.9459
vn -0.2999 0.3669 -0.8806
vn 0.3975 0.1318 -0.9081
vt 0.501351 0.888963
vt 0.718450 1.070060
vt 0.521325 2.451981
vt 0.309959 0.059594
vt 0.501351 -0.111037
vt 0.521325 1.451981
vt 0.629230 0.553247
vt 0.482835 0.308828
vt 0.607878 0.146226
vt 0.618416 0.974224
vt 0.719183 0.693048
vt 0.604315 0.052895
vt 0.319755 0.183001
vt 0.405669 0.007512
vt 0.350120 -1.133015
vt 0.680001 0.917152
vt 0.718450 2.070060
vt 0.501351 1.888963
vt 0.958460 0.308828
vt 0.745184 0.553247
vt 0.723236 0.669395
vt 0.947309 0.994129
vt 0.328545 0.947309
vt 0.627340 0.723236
vt 0.435699 0.981994
vt 0.687652 0.801877
vt 0.211083 0.044481
vt 0.075418 0.311600
vt 0.018580 -1.124730
vt 0.625268 0.881068
vt 0.950631 2.054918
vt 0.889569 0.837498
vt 0.250220 0.881068
vt 0.595038 0.917152
vt 1.018580 0.875270
vt 0.807115 2.070060
vt 0.603762 0.044481
vt 0.764006 -1.124730
vt 0.029586 0.328302
vt 0.177352 0.319354
vt 0.018580 0.875270
vt -0.347354 0.241628
vt 0.445158 0.293307
vt 0.764006 0.875270
vt 1.022230 0.319354
vt 0.089082 0.884158
vt 0.107631 0.122157
vt -0.052691 0.994129
vt 0.201279 0.852063
vt 0.149737 0.629272
vt 0.219964 0.344081
vt 0.931712 0.146226
vt 1.102979 0.052895
vt 1.211775 0.693048
vt 0.821303 0.852063
vt 0.559997 0.344081
vt 0.604511 0.990422
vt 0.540242 0.892845
vt 0.222995 1.613436
vt 0.122581 1.916304
vt -0.192885 0.070060
vt 0.950631 0.054918
vt 0.783604 0.059594
vt 1.101515 1.967727
vt 0.611516 1.613436
vt 0.618645 0.916304
vt 0.521325 0.451981
vt 0.718450 -0.929940
vt 0.611516 0.613436
vt 0.405669 -0.992488
vt 0.406558 0.638252
vt 0.406558 1.638252
vt 1.210990 1.638252
vt 0.772691 0.342838
vt 0.338986 0.328302
vt 0.122581 0.916304
vt 0.222995 0.613436
vt 0.290777 1.032465
vt 0.439713 0.967727
vt 0.399277 1.587401
vt 0.102979 2.052895
vt -0.025675 1.603262
vt 0.974325 0.603262
vt 1.102979 1.052895
vt 0.931712 1.146226
vt 0.991507 0.587401
vt 0.958460 1.308828
vt 1.107631 1.122157
vt 0.336756 0.884158
vt 0.068436 1.776682
vt 0.435699 0.977405
vt 0.922844 0.781670
vt 1.068436 0.776682
vt 1.336756 -0.115842
vt 0.061582 0.760615
vt -0.104267 0.828622
vt 0.328545 -0.005871
vt 0.833029 0.828622
vt 1.089082 -0.115842
vt 0.947309 -0.005871
vt 0.922000 0.918030
vt 0.816479 0.760615
vt 0.981994 -0.022595
vt 0.906103 1.126719
vt 0.363072 0.074165
vt 0.211775 -0.306952
vt 0.616661 0.126719
vt 0.768266 0.363072
vt 0.618416 0.338765
vt 0.435699 -0.018006
vt 0.336756 0.089082
vt 0.860446 0.536225
vt 0.230149 0.532272
vt -0.093897 0.126719
vt 0.097317 0.580687
vt 0.994375 0.532272
vt 0.147671 0.060531
vt 0.009873 -0.419313
vt -0.139554 -0.463775
vt 1.162267 0.996300
vt 0.165888 0.536225
vt 0.436280 0.996300
vt 0.297159 1.060531
vt 0.009873 0.580687
vt 0.147671 1.060531
vt 0.273819 1.020558
vt 0.297159 0.060531
vt 0.436280 -0.003700
vt 0.525036 0.284779
vt 0.518740 0.514260
vt 0.078958 0.284779
vt 0.899218 0.938436
vt 0.699733 0.629272
vt 1.339343 1.293288
vt 0.393101 0.529770
vt -0.100782 -0.061564
vt 0.339343 0.293288
vt 0.240993 0.892845
vt 0.180689 0.983941
vt 0.479518 2.004840
vt 0.487328 0.063435
vt 0.180689 -1.016059
vt 0.257147 -1.009578
vt 0.326547 0.004840
vt 0.577551 -1.016059
vt 0.381202 0.063435
vt 0.479518 0.004840
vt 0.541602 0.021894
vt 0.240993 -1.107155
vt 0.321237 0.429458
vt 0.487391 0.389030
vt 0.422150 0.429458
vt 1.009928 1.230202
vt 0.991686 0.781670
vt 0.801259 0.969588
vt 1.150187 1.582608
vt 1.081859 1.563539
vt 0.068436 0.776682
vt -0.674525 1.492270
vt -0.665421 1.582608
vt 0.347746 0.563539
vt 0.257820 0.545494
vt 0.573913 0.230202
vt 0.137092 0.995306
vt 0.334579 0.582608
vt 0.325475 0.492270
vt 0.908261 0.801259
vt 0.873399 0.532686
vt 1.054767 0.922000
vt 0.532686 1.068518
vt 0.839178 0.436963
vt 0.763943 0.539294
vt 1.061582 0.816479
vt 0.288438 0.287762
vt 0.801259 -0.030412
vt 0.539294 -0.012035
vt 0.288438 1.287762
vt 0.296950 1.343296
vt 0.532686 0.068518
vt 0.296950 0.343296
vt 1.063673 0.074169
vt 0.074169 0.839155
vt 0.010237 0.728507
vt 0.828758 0.566657
vt 0.948032 0.772796
vt 1.100235 0.728507
vt 1.137087 1.066857
vt 0.866070 0.341985
vt 1.100235 0.010237
vt 0.948032 0.048022
vt 0.758787 0.066857
vt 1.010237 -0.271493
vt 0.731118 0.339107
vt 0.721965 0.566657
vt 0.455730 0.122157
vt 0.625268 -1.118932
vt 0.807115 0.070060
vt 1.018580 -1.124730
vt 1.075418 0.311600
vt 1.155536 2.183001
vt 1.154676 0.866985
vt 0.309959 1.059594
vt 0.250220 -0.118932
vt 0.350120 0.866985
vt 0.405669 2.007512
vt 0.603762 2.044481
vt 0.249753 0.317198
vt -0.227309 0.342838
vt -0.110431 0.837498
vt 0.154676 0.866985
vt 0.668317 0.280339
vt 0.652646 0.241628
vt 0.164677 0.280339
vt 0.006115 0.317198
vt 1.107631 0.122157
vt 0.442986 0.033362
vt 0.601293 0.032465
vt 0.611516 -0.386564
vt 0.406558 -0.361748
vt 0.152493 0.514260
vt 0.801877 0.699415
vt 0.211775 0.693048
vt -0.018006 0.977405
vt -0.198123 0.699415
vt 0.075418 -0.688400
vt 0.309959 -0.940406
vt 1.155536 0.183001
vt 0.298305 -0.966638
vt 0.210990 -1.361748
vt -0.008493 -0.412599
vt 0.455730 1.122157
vt 0.604315 1.052895
vt 1.165888 0.860446
vt 1.097317 1.009873
vt 0.399277 0.587401
vt 0.618645 -0.083696
vt 0.604890 0.603262
vt 0.439713 -0.032273
vt 0.607878 1.146226
vt 0.399277 -0.412599
vt 1.021673 0.776682
vt 0.328545 0.994129
vt 0.061582 1.760615
vt -0.018006 -0.022595
vt -0.381584 -0.025776
vt 0.326752 1.020558
vt 0.326752 0.020558
vt 0.273819 0.020558
vt 0.162267 -0.003700
vt 0.899218 0.128031
vt 0.604511 0.257147
vt 0.577551 0.180689
vt 0.577551 0.983941
vt -0.300267 -0.370728
vt -0.178697 -0.147937
vt 0.128031 0.938436
vt 0.235216 1.345672
vt 0.260501 0.345672
vt 0.159695 0.529770
vt 0.235216 0.345672
vt 0.128031 -0.061564
vt 0.369676 2.077182
vt 0.369676 0.077182
vt 0.540242 -1.107155
vt 0.314181 0.021894
vt 0.573156 0.077182
vt 0.299148 0.389030
vt 0.021673 0.776682
vt 0.150187 1.582608
vt -0.078000 0.918030
vt -0.077156 0.781670
vt 0.334579 1.150187
vt 0.908261 0.969588
vt 0.347746 1.563539
vt 0.573913 1.230202
vt 0.895733 -0.171378
vt 0.908261 -0.030412
vt 0.152352 0.492270
vt -0.008314 -0.218330
vt 0.009928 0.230202
vt 0.325475 0.152352
vt 0.573913 0.009928
vt 0.257820 0.086523
vt 0.086523 0.545494
vt 0.161720 0.995306
vt 0.081859 0.563539
vt 0.150187 0.582608
vt 0.061582 0.816479
vt -0.236057 0.539294
vt -0.104267 0.833029
vt 0.539294 0.987965
vt 0.436963 0.018029
vt 0.816479 -0.239385
vt 0.682003 0.288438
vt 0.720659 0.343296
vt 0.682003 0.287762
vt 0.839178 0.018029
vt 0.629230 0.745184
vt 0.721965 0.828758
vt 0.048022 0.772796
vt 0.341985 0.542153
vt 0.063673 0.074169
vt -0.372660 0.723236
vt -0.051968 0.048022
vt 1.048022 -0.227204
vt 0.063673 0.839155
vt -0.051968 0.772796
vt 0.206255 1.339107
vt 1.074169 -0.160845
s 1
usemtl Material.002
f 139/325/106 136/326/107 100/327/108
f 140/328/109 139/329/106 100/330/108
f 122/331/110 121/332/111 182/333/112
f 120/334/113 149/335/114 146/336/115
f 179/337/116 138/338/117 133/339/118
f 102/340/119 136/341/107 139/342/106
f 121/343/111 122/344/110 172/345/120
f 172/345/120 123/346/121 121/343/111
f 123/347/121 172/348/120 148/349/122
f 148/349/122 172/348/120 173/350/123
f 134/351/124 135/352/125 130/353/126
f 101/354/127 137/355/128 132/356/129
f 101/357/127 102/340/119 139/342/106
f 102/358/119 130/359/126 136/360/107
f 134/361/124 130/362/126 133/339/118
f 102/340/119 101/357/127 131/363/130
f 105/364/131 130/365/126 127/366/132
f 128/367/133 130/368/126 105/369/131
f 110/370/134 108/371/135 123/372/121
f 185/373/136 157/374/137 156/375/138
f 182/376/112 146/377/115 149/378/114
f 185/379/136 156/380/138 162/381/139
f 156/380/138 186/382/140 162/381/139
f 134/351/124 142/383/141 135/352/125
f 135/352/125 143/384/142 136/385/107
f 137/386/128 140/387/109 144/388/143
f 134/361/124 138/338/117 142/389/141
f 143/390/142 100/391/108 136/392/107
f 142/393/141 138/394/117 141/395/144
f 138/338/117 179/337/116 141/396/144
f 137/386/128 144/388/143 141/397/144
f 101/354/127 132/356/129 103/398/145 131/399/130
f 143/400/142 142/401/141 145/402/146
f 144/403/143 143/390/142 181/404/147
f 143/400/142 146/405/115 147/406/148
f 147/407/148 146/408/115 182/409/112
f 181/410/147 121/411/111 108/412/135
f 110/413/134 109/414/149 148/415/122
f 125/416/150 109/417/149 110/418/134
f 124/419/151 187/420/152 123/421/121
f 187/422/152 110/423/134 123/424/121
f 107/425/153 124/426/151 148/427/122
f 149/335/114 120/334/113 111/428/154
f 183/429/155 149/430/114 111/431/154
f 183/432/155 120/433/113 148/434/122
f 120/433/156 110/435/134 148/434/122
f 111/431/154 152/436/157 183/429/155
f 151/437/158 111/438/154 150/439/159
f 152/436/157 111/431/154 151/440/158
f 154/441/160 150/442/159 152/443/157
f 151/440/158 184/444/161 152/436/157
f 152/445/157 184/446/161 154/447/160
f 150/448/159 154/449/160 153/450/162
f 154/451/160 184/452/161 155/453/163
f 155/453/163 158/454/164 154/451/160
f 157/374/137 155/455/163 156/375/138
f 159/456/165 157/457/137 160/458/166
f 176/459/167 159/460/165 160/461/166
f 186/462/140 163/463/168 165/464/169
f 164/465/170 163/466/168 162/467/171
f 165/468/169 163/469/168 164/470/170
f 165/471/169 112/472/172 186/473/140
f 165/468/169 164/470/170 106/474/173
f 112/472/172 165/471/169 177/475/174
f 177/475/174 165/471/169 106/476/173
f 187/422/152 167/477/175 125/478/150
f 114/479/176 188/480/177 166/481/178
f 109/482/149 170/483/179 188/484/177
f 166/485/178 168/486/180 167/487/175
f 169/488/181 188/489/177 170/490/179
f 114/491/176 116/492/182 107/493/153
f 124/426/151 107/425/153 116/494/182
f 171/495/183 115/496/184 124/497/151
f 178/498/185 114/499/176 115/500/184
f 114/479/176 178/501/185 117/502/186
f 116/503/182 114/499/176 117/504/186
f 172/348/120 175/505/187 173/350/123
f 175/506/187 190/507/188 119/508/189
f 174/509/190 190/510/188 118/511/191
f 189/512/192 190/513/188 174/514/190
f 118/515/191 190/516/188 129/517/193
f 122/331/110 182/333/194 119/518/189
f 108/519/135 120/334/156 146/336/115
f 108/519/135 110/413/134 120/334/156
f 137/386/128 101/520/127 140/387/109
f 136/521/107 130/522/126 135/523/125
f 132/356/129 137/355/128 179/524/116
f 132/356/129 179/524/116 133/525/118
f 139/325/106 140/526/109 101/527/127
f 133/528/118 138/529/117 134/530/124
f 104/531/195 103/532/145 132/533/129 133/534/118
f 126/535/196 102/340/197 131/363/198
f 127/536/199 130/359/126 102/358/119
f 127/536/200 102/358/197 126/537/196
f 128/367/133 104/538/195 133/528/118
f 128/367/133 133/528/118 130/368/126
f 123/346/121 108/539/135 121/343/111
f 180/540/201 145/541/146 142/542/141 141/543/144
f 182/376/194 149/378/114 119/508/189
f 158/544/164 186/462/140 156/375/138
f 186/462/140 158/544/164 163/463/168
f 173/545/123 119/508/189 149/378/114
f 149/546/114 148/547/122 173/548/123
f 143/400/142 135/549/125 142/401/141
f 100/391/108 144/403/143 140/550/109
f 137/386/128 141/397/144 179/551/116
f 108/371/135 180/552/201 141/553/144 181/554/147
f 100/391/108 143/390/142 144/403/143
f 143/400/142 145/402/146 146/405/115
f 180/540/201 108/555/135 146/556/115 145/541/146
f 120/433/113 183/432/155 152/557/157 150/558/159
f 181/559/147 143/560/142 147/561/148
f 181/559/147 141/543/144 144/562/143
f 181/559/147 147/561/148 182/563/112
f 182/333/112 121/332/111 181/564/147
f 107/425/153 148/427/122 109/565/149
f 123/566/121 148/415/122 124/567/151
f 187/422/152 125/478/150 110/423/134
f 183/429/155 148/568/122 149/430/114
f 150/439/159 111/438/154 120/569/113
f 151/437/158 153/570/162 184/446/161
f 150/439/159 153/570/162 151/437/158
f 153/571/162 156/380/138 184/452/161
f 154/441/160 158/544/164 153/572/162
f 155/455/163 184/573/161 156/375/138
f 153/571/162 158/454/164 156/380/138
f 158/454/164 155/453/163 157/457/137
f 157/457/137 159/456/165 158/454/164
f 159/574/202 162/575/171 163/576/168
f 163/577/168 158/454/164 159/456/202
f 185/379/136 162/381/139 159/456/165
f 160/461/166 157/578/137 185/579/136
f 185/373/136 159/580/165 161/581/203
f 160/461/166 185/579/136 161/582/203
f 176/583/167 161/584/203 159/585/165
f 176/459/167 160/461/166 161/582/203
f 186/382/140 113/586/204 162/381/139
f 113/587/204 186/588/140 112/589/172
f 164/465/170 162/467/139 113/590/204
f 177/591/174 113/587/204 112/589/172
f 113/590/204 106/476/173 164/465/170
f 106/476/173 113/590/204 177/475/174
f 109/592/149 188/593/177 107/594/153
f 109/482/149 125/595/150 170/483/179
f 114/491/176 107/493/153 188/596/177
f 114/597/176 166/598/178 167/599/175
f 167/487/175 187/600/152 114/601/176
f 170/602/179 125/603/150 167/604/175
f 170/605/179 167/606/175 168/607/180
f 168/608/180 169/609/181 170/602/179
f 166/610/178 188/611/177 169/609/181
f 166/485/178 169/488/181 168/486/180
f 124/612/151 115/613/184 187/614/152
f 187/422/152 115/615/184 114/479/176
f 171/616/183 124/617/151 116/503/182
f 178/618/185 115/496/184 171/495/183
f 116/503/182 117/504/186 171/616/183
f 117/619/186 178/620/185 171/621/183
f 122/622/110 119/623/189 189/512/192
f 174/624/190 172/345/120 122/344/110
f 174/624/190 122/344/110 189/625/192
f 173/545/123 175/506/187 119/508/189
f 175/626/187 172/627/120 174/628/190
f 119/508/189 190/507/188 189/625/192
f 118/515/191 129/517/193 174/629/190
f 175/630/187 174/631/190 129/632/193
f 129/517/193 190/516/188 175/633/187
o Tree3m
v 7.251997 1.845521 -3.437035
v 8.202535 0.743417 -3.878701
v 7.312490 8.457719 -3.060605
v 5.362690 -0.180129 -4.377579
v 8.915935 -0.186311 -4.402728
v 6.742223 -0.183818 -5.783620
v 5.566816 -0.251473 -2.942389
v 7.534771 8.037000 -2.966192
v 7.460167 7.574479 -3.937577
v 8.121251 9.765695 -1.111472
v 7.281337 7.210772 -3.672634
v 7.120862 5.318235 -3.368408
v 7.421293 6.151959 -3.288769
v 7.322135 11.606208 -3.267833
v 7.919688 12.801982 -2.991899
v 7.316796 12.503239 -3.536302
v 6.919374 12.994846 -3.829721
v 8.191818 9.695467 -1.226775
v 7.945302 10.437367 -1.099162
v 4.049482 8.999386 -3.409913
v 3.471573 9.934596 -2.863595
v 7.244738 7.614792 -4.028946
v 7.680219 7.839783 -4.289417
v 8.482516 8.386580 -6.321950
v 8.321560 10.154763 -7.726901
v 8.346337 10.716537 -7.800089
v 6.960835 7.251659 -3.366010
v 7.263856 7.190845 -3.354040
v 7.422111 7.967630 -3.804904
v 6.723315 8.248688 -3.205488
v 7.312983 8.218985 -2.679506
v 7.463381 12.192612 -3.455759
v 7.710186 12.397080 -3.152671
v 7.209696 12.491972 -3.457787
v 7.383425 12.602454 -3.356126
v 7.917573 9.451262 -1.460002
v 8.049740 9.242402 -1.513625
v 8.131046 9.766008 -1.175393
v 4.480859 9.017756 -3.392455
v 3.699358 9.295823 -3.393953
v 4.065349 9.419165 -3.455666
v 3.860908 9.387819 -3.188293
v 6.755543 -0.245980 -2.183633
v 8.071476 9.767180 -1.306618
v 6.439347 14.291274 -3.995863
v 2.414111 12.016875 -2.462169
v 8.774654 -0.232597 -3.178602
v 7.363509 0.741779 -2.929503
v 6.028023 0.632028 -3.690555
v 5.754747 -0.229115 -5.231007
v 6.439673 0.604400 -4.912404
v 7.376268 0.637926 -5.054821
v 8.228510 -0.220013 -5.477486
v 8.268764 -0.174982 -2.502140
v 6.660250 1.907043 -3.632210
v 6.695377 1.664098 -4.420620
v 7.620301 1.623133 -4.343936
v 7.658724 1.725700 -3.729464
v 7.512257 3.593807 -3.686301
v 7.010657 3.121825 -3.393001
v 6.834618 3.782954 -3.440618
v 6.764830 3.586810 -3.879111
v 6.990726 2.913748 -4.273570
v 7.576017 5.286743 -3.088602
v 7.414900 3.762210 -3.937344
v 7.341700 5.228330 -3.707087
v 7.129531 6.080297 -3.710078
v 7.251865 5.372219 -3.134195
v 7.354335 9.011589 -3.309296
v 6.973405 8.633549 -3.575986
v 6.414264 8.416104 -3.443379
v 7.296805 8.495571 -3.591241
v 7.135027 9.824300 -3.347428
v 7.498128 11.744983 -3.363653
v 7.301696 11.720432 -3.489156
v 7.491779 10.396826 -3.521340
v 7.535531 12.612327 -3.351078
v 8.069829 12.941739 -3.021667
v 8.217283 12.953732 -2.786036
v 8.377586 13.047481 -2.864341
v 9.014083 13.867820 -2.425933
v 9.587067 14.250063 -2.223964
v 9.474665 14.298252 -2.262186
v 8.820322 13.955750 -2.339101
v 8.904848 13.978365 -2.515783
v 9.553606 14.303714 -2.360383
v 6.436071 14.080331 -3.992431
v 6.915123 13.400704 -3.936493
v 7.545507 8.479470 -2.753226
v 7.926309 9.243030 -1.444312
v 8.148455 9.795245 -1.268293
v 8.008569 9.731182 -1.204319
v 7.792672 10.826267 -0.901527
v 7.716425 10.913298 -0.948348
v 5.546079 8.390831 -3.612004
v 6.318834 8.063605 -3.681172
v 5.443489 8.744902 -3.696116
v 5.606139 8.469460 -3.408574
v 3.777512 9.530316 -3.411417
v 3.315138 9.817225 -2.768322
v 3.976223 10.893456 -4.336738
v 4.187983 9.275600 -3.818402
v 4.221945 9.436501 -3.587692
v 3.895695 9.595133 -3.673738
v 4.164227 11.775044 -4.691752
v 4.057052 11.218939 -4.534718
v 4.158157 11.051682 -4.299594
v 4.009962 11.048267 -4.270960
v 4.043110 12.256214 -4.838658
v 3.368079 9.923411 -3.023756
v 3.218258 9.881946 -2.966059
v 3.057253 10.718984 -2.778028
v 2.710496 11.669744 -2.798425
v 7.229102 7.861670 -3.967804
v 8.141230 7.771326 -5.636174
v 8.050431 8.148946 -5.709352
v 8.336612 7.854820 -5.396903
v 8.427921 9.555814 -7.397485
v 8.415690 8.632136 -6.183126
v 8.312695 9.589582 -7.255641
v 8.302629 9.396309 -7.236622
v 8.461523 9.690495 -7.338826
v 8.334708 10.769701 -7.729844
v 9.895383 14.822441 -2.221613
v 8.358801 10.447986 -0.933867
v 8.366469 10.471451 -1.007015
v 4.060735 12.343668 -4.725941
v 2.558031 11.947537 -2.537363
v 6.489847 0.748327 -3.089013
v 7.435808 2.340592 -4.391672
v 7.368309 3.119409 -3.456158
v 7.741441 5.433813 -3.266785
v 7.642038 5.613468 -3.644119
v 6.967590 7.279027 -3.646695
v 6.935700 8.587095 -3.314943
v 7.474517 10.325170 -3.286191
v 7.129441 12.886944 -3.628451
v 7.312247 8.438041 -2.756533
v 6.416260 8.001191 -3.384882
v 4.334796 8.884480 -3.713031
v 4.400479 9.124657 -3.684593
v 3.933472 9.356998 -3.812177
v 3.238650 10.819504 -2.954998
v 7.858168 7.577355 -4.915761
v 7.885427 7.892374 -5.389473
v 8.112550 8.055808 -5.312760
vn -0.8989 0.2134 -0.3826
vn -0.8152 0.2571 0.5190
vn -0.8323 0.0565 0.5514
vn 0.8041 0.2975 -0.5147
vn 0.4851 0.2569 -0.8359
vn 0.9998 -0.0188 0.0074
vn 0.7249 -0.6870 -0.0514
vn 0.6825 -0.2950 -0.6687
vn -0.6564 -0.4549 -0.6018
vn -0.4654 -0.5575 -0.6874
vn -0.3764 -0.3891 0.8408
vn -0.6472 0.7215 0.2460
vn -0.4698 0.3784 0.7975
vn -0.5946 -0.5590 0.5779
vn -0.6194 0.3793 -0.6874
vn -0.2567 0.2630 -0.9300
vn 0.2015 0.1995 0.9590
vn 0.5454 -0.0483 0.8368
vn -0.1664 -0.0776 0.9830
vn 0.8789 0.3135 0.3596
vn -0.6894 -0.4172 0.5921
vn 0.9440 0.3107 -0.1109
vn 0.8445 0.5356 0.0069
vn 0.4653 0.6222 -0.6295
vn 0.0487 0.5528 -0.8319
vn 0.4976 0.6489 -0.5756
vn 0.0483 0.8077 0.5876
vn 0.1822 -0.1366 -0.9737
vn 0.5924 -0.0497 -0.8041
vn -0.7147 0.0780 -0.6951
vn -0.7992 0.5585 0.2221
vn -0.4373 0.5597 -0.7039
vn -0.6610 0.6024 -0.4475
vn 0.0726 0.5525 0.8303
vn 0.7184 0.6655 -0.2027
vn 0.7111 0.6343 0.3032
vn 0.7152 0.5968 0.3638
vn -0.9294 -0.2600 0.2618
vn -0.1312 0.6451 -0.7527
vn -0.7661 0.5984 0.2344
vn -0.7992 0.5585 0.2220
vn -0.8162 0.5645 0.1231
vn -0.6610 0.6024 -0.4474
vn -0.6582 0.6712 -0.3409
vn -0.1632 0.5828 0.7961
vn -0.4650 0.5411 0.7007
vn -0.4586 0.5282 0.7146
vn -0.4539 0.4022 0.7951
vn -0.8518 -0.4756 -0.2194
vn -0.3180 0.7703 -0.5527
vn -0.9128 0.3707 0.1715
vn -0.6246 -0.3309 -0.7074
vn 0.7121 0.5659 -0.4154
vn 0.9331 -0.2477 0.2606
vn -0.2707 -0.6584 -0.7023
vn -0.0153 -0.3375 0.9412
vn -0.3648 -0.5365 0.7610
vn 0.8142 -0.5367 0.2216
vn 0.5901 -0.0162 0.8072
vn 0.3266 0.4333 0.8400
vn 0.4826 0.6515 0.5853
vn -0.4296 -0.8268 0.3630
vn -0.9432 -0.0854 0.3212
vn -0.8240 0.5446 -0.1562
vn 0.6506 -0.2133 0.7288
vn 0.4210 -0.0756 -0.9039
vn 0.0544 0.4868 -0.8718
vn 0.9581 -0.2756 -0.0779
vn -0.3789 0.1368 -0.9153
vn 0.3840 -0.0240 0.9230
vn -0.4889 0.0514 0.8708
vn -0.9988 0.0471 0.0150
vn 0.9467 0.1140 0.3014
vn 0.7087 0.1110 -0.6967
vn -0.5725 -0.0592 -0.8178
vn 0.6671 0.2397 0.7053
vn 0.7472 0.1655 -0.6437
vn 0.7125 0.0615 0.6990
vn -0.6996 0.0577 0.7122
vn -0.5546 0.5671 0.6089
vn -0.4506 0.4360 -0.7790
vn -0.0777 0.9936 -0.0817
vn 0.6389 0.2453 -0.7291
vn 0.7529 -0.0106 -0.6581
vn 0.6427 -0.0548 0.7641
vn 0.9654 -0.1577 0.2077
vn -0.4854 0.0216 0.8740
vn -0.6769 0.3708 0.6358
vn -0.1737 0.6174 -0.7672
vn 0.3442 0.6187 -0.7062
vn 0.8364 -0.5393 -0.0978
vn 0.7946 -0.4714 -0.3825
vn 0.0335 -0.5463 0.8369
vn -0.5649 0.3563 0.7442
vn -0.1231 0.5929 -0.7958
vn 0.6292 -0.7766 0.0316
vn 0.5669 -0.5363 0.6253
vn -0.5290 0.6907 0.4931
vn 0.2597 0.0645 -0.9635
vn 0.5492 0.8303 0.0946
vn -0.5076 -0.5498 -0.6633
vn 0.6313 0.5353 0.5613
vn 0.6349 0.1930 -0.7481
vn -0.9617 -0.0611 -0.2673
vn -0.2951 0.9496 -0.1054
vn -0.0256 -0.0982 -0.9948
vn 0.3141 0.9149 -0.2534
vn 0.2161 0.6039 0.7672
vn 0.8395 -0.5353 -0.0932
vn 0.5989 0.3760 -0.7071
vn 0.2978 0.4542 0.8397
vn -0.4522 0.8913 0.0312
vn -0.4733 -0.3140 -0.8230
vn -0.3576 -0.8443 -0.3991
vn 0.2310 0.6323 -0.7395
vn -0.2118 -0.4255 0.8798
vn 0.6299 0.4735 -0.6157
vn -0.2766 -0.4302 0.8593
vn 0.8321 0.3429 0.4359
vn -0.8837 -0.3048 -0.3552
vn -0.9659 -0.0343 -0.2566
vn 0.0147 -0.3610 -0.9324
vn 0.9033 0.2029 0.3780
vn 0.8492 0.4270 0.3107
vn -0.5606 0.3460 0.7524
vn -0.0010 0.9883 0.1522
vn 0.8473 -0.0870 -0.5239
vn -0.1753 0.5098 -0.8423
vn 0.7333 0.3831 -0.5616
vn 0.0510 0.4251 -0.9037
vn -0.2583 -0.2926 0.9207
vn 0.0314 0.4809 -0.8762
vn -0.5907 0.6908 0.4170
vn 0.5703 0.8109 0.1311
vn 0.9250 -0.2900 0.2456
vn 0.7055 0.5348 0.4650
vn 0.0084 -0.9909 -0.1340
vn -0.3339 0.6693 -0.6638
vn 0.1123 0.9139 0.3901
vn -0.9119 0.0962 -0.3990
vn -0.0909 -0.8484 -0.5215
vn 0.7287 -0.5142 -0.4524
vn 0.5153 0.6523 0.5558
vn -0.9468 0.3099 -0.0867
vn 0.4532 -0.4703 -0.7573
vn -0.9273 -0.2404 -0.2869
vn 0.9005 0.2153 0.3777
vn -0.4857 0.1813 0.8551
vn -0.2365 -0.2083 -0.9490
vn -0.0805 0.9898 0.1176
vn 0.0723 0.5370 -0.8405
vn -0.8063 0.5847 0.0896
vn 0.1706 0.5497 0.8178
vn -0.4114 0.6002 -0.6859
vn -0.7660 0.5985 0.2345
vt 0.439556 0.293405
vt 0.316105 -0.546478
vt 0.220309 0.391477
vt 0.671968 0.311567
vt 0.695836 0.670296
vt 0.343151 1.296904
vt 0.230083 0.287239
vt 0.140668 0.105386
vt -0.016205 0.139513
vt 0.983795 0.323347
vt 1.122369 0.514472
vt 1.230083 0.468788
vt 0.156491 0.609492
vt 0.156124 0.719020
vt -0.138342 0.624344
vt 0.861658 0.624344
vt 0.708130 0.500596
vt 1.156491 0.609492
vt 0.217904 0.670296
vt -0.152312 0.332049
vt -0.004637 0.956874
vt 0.316105 0.453522
vt 0.439556 1.293405
vt 0.710310 0.332049
vt 0.125998 0.422760
vt 0.184155 1.059705
vt 0.005329 1.060912
vt 0.329362 0.362850
vt -0.169875 0.453522
vt -0.291870 0.500596
vt -0.019583 0.125830
vt 0.364732 0.362850
vt 0.439351 -0.128291
vt 0.439351 0.871709
vt 1.238743 0.389993
vt 0.671968 1.311567
vt 0.188134 0.818963
vt 0.310150 1.311567
vt 0.614255 0.389993
vt 0.156124 0.878266
vt 0.272754 0.876613
vt 0.156245 1.030302
vt 0.158398 0.751619
vt 0.231690 0.596306
vt 0.150848 0.360216
vt 0.345277 -0.183986
vt 0.956202 0.802200
vt 0.688790 0.409935
vt 0.710310 1.332049
vt 0.181755 0.870890
vt 0.329362 1.362850
vt 0.125998 1.422760
vt 0.957967 0.701364
vt 0.614255 1.238743
vt 0.601267 0.439351
vt 0.089302 0.383701
vt 0.701364 0.406844
vt 0.634382 -0.248930
vt 0.887327 0.089302
vt 0.104848 0.745986
vt 0.871111 0.391810
vt 0.719837 -0.043798
vt 1.188134 0.027411
vt 0.871111 0.408091
vt 1.188134 0.818963
vt 1.614255 0.389993
vt 0.971194 0.374264
vt 1.345277 0.816014
vt 1.688790 0.409935
vt 0.181345 0.688790
vt 0.719837 0.956202
vt 0.377374 1.115504
vt 0.877772 0.377010
vt 0.744923 0.874164
vt 0.283408 0.374264
vt 0.191712 0.801227
vt 0.196976 0.147912
vt 0.205708 0.265158
vt 0.336869 0.297566
vt 0.406088 0.178499
vt 0.468788 0.287239
vt 0.402452 0.483815
vt -0.016905 0.518500
vt 0.356515 -0.057760
vt 0.560626 0.382847
vt 0.463154 0.121515
vt 0.524870 0.121201
vt 0.430454 0.094146
vt 0.740429 0.196227
vt 0.532675 0.227833
vt 0.430454 0.193910
vt 0.524741 -0.000307
vt 0.740429 0.008878
vt 0.102159 0.365591
vt 0.230001 0.225631
vt 0.222155 0.121515
vt 0.504284 0.365591
vt 0.983095 0.518500
vt 1.177020 0.095422
vt 1.336316 0.105386
vt 0.667398 0.942240
vt 0.466736 1.178499
vt 0.593991 1.137800
vt 0.535738 0.383590
vt 0.595909 0.347733
vt 0.458786 0.225631
vt 0.882415 0.293405
vt 1.170850 1.114165
vt 0.995363 -0.043126
vt 0.005329 0.060912
vt 0.184155 0.059705
vt 0.288009 1.143371
vt 0.125933 0.186110
vt 0.005329 -0.939088
vt 0.288009 0.143371
vt 0.353543 0.114165
vt 0.439556 -0.706595
vt 0.184204 0.159118
vt 0.133392 0.216907
vt 0.044301 0.143371
vt 0.343151 -0.703096
vt 0.343151 0.296904
vt 0.468672 0.381105
vt 0.133392 1.216907
vt 0.355039 0.540148
vt 0.210647 0.575979
vt 0.144384 0.575979
vt 0.322059 0.306734
vt 0.131928 1.095422
vt -0.019583 1.125830
vt 0.980417 0.125830
vt 1.125933 -0.813890
vt 1.210647 -0.424021
vt 0.067097 0.186110
vt 0.183004 1.125830
vt 0.183004 0.125830
vt 0.355039 -0.459852
vt 0.184204 -0.840882
vt 0.983795 0.139513
vt 1.140668 0.105386
vt 1.064765 -0.459852
vt 0.064765 0.540148
vt 0.140668 1.105386
vt 0.321019 0.306734
vt 0.177168 0.005795
vt 0.067513 0.412150
vt -0.032150 -0.206452
vt 0.986703 0.287993
vt 0.707132 0.221689
vt 0.967850 0.157471
vt 0.148403 0.747786
vt 0.211055 0.483815
vt -0.013297 0.816774
vt 1.295620 0.747786
vt 1.154648 1.005795
vt 0.156245 -0.271141
vt 0.267385 -0.481500
vt 0.173714 0.412150
vt 0.244577 1.360216
vt 0.287993 -0.183226
vt 0.287993 0.816774
vt 0.157471 0.793548
vt 0.173714 1.412150
vt 0.245890 -0.301587
vt 0.148403 -1.252214
vt 0.143095 0.662585
vt 0.260669 0.698413
vt 0.181826 1.372491
vt 0.161067 0.303104
vt 0.237259 -0.337415
vt 0.249064 0.372491
vt 0.133915 0.303104
vt 0.244577 0.360216
vt 0.173714 -0.587850
vt 0.459844 0.995949
vt 0.534914 1.010833
vt 0.267766 1.175538
vt 0.355093 0.076335
vt 0.688793 -0.067830
vt 0.608642 -0.106983
vt 0.355093 0.698540
vt 0.608642 0.976866
vt 0.910161 1.477875
vt 0.910161 0.477875
vt 0.459844 -0.099009
vt 0.355093 -0.301460
vt 0.534914 0.970870
vt 0.688793 1.023740
vt 0.688793 0.023740
vt 0.952424 0.489182
vt 1.007041 0.433910
vt 0.608642 -0.023134
vt 0.669549 0.477875
vt 0.757891 0.489182
vt 1.010833 -0.029130
vt 0.293533 0.625031
vt 0.237332 0.649126
vt -0.089839 0.477875
vt 0.952424 0.757891
vt 0.910161 0.669549
vt 1.237332 0.631092
vt 0.276803 0.651857
vt 0.007041 0.433910
vt -0.047576 0.489182
vt 0.276803 0.680190
vt 0.293533 0.611981
vt 0.007041 0.712965
vt 0.447691 0.911221
vt 0.104848 0.228893
vt -0.040313 0.414860
vt 0.158398 0.268150
vt 0.064720 0.943472
vt 0.959687 0.997423
vt 0.957561 1.200352
vt 1.158398 0.751619
vt 0.496215 0.540165
vt 0.414860 -0.002577
vt 0.228893 -0.254014
vt 0.718036 0.540165
vt 0.719674 0.645637
vt 0.957561 0.200352
vt 0.959687 -0.002577
vt 1.064720 -0.056528
vt 0.314225 0.943472
vt 0.468246 1.200352
vt 0.497931 1.645637
vt 0.524870 0.256812
vt 0.463154 0.222155
vt 0.156491 0.839752
vt 0.267385 0.983095
vt 0.878266 -0.280980
vt 0.134146 0.397623
vt 0.003507 0.735725
vt 0.113387 0.347733
vt 0.055735 0.382847
vt -0.033067 0.723993
vt 0.087696 0.383004
vt 0.049581 0.718684
vt -0.049237 0.913134
vt 0.950763 0.913134
vt 0.974173 0.956649
vt 1.102159 0.365591
vt 1.049581 0.718684
vt 0.659417 0.340585
vt 0.708130 0.192441
vt 0.273040 0.306001
vt 0.221745 0.872451
vt 0.707132 0.708052
vt 0.659417 0.531802
vt 0.303069 0.734730
vt 0.861658 0.102744
vt 0.303069 0.204287
vt 0.700240 0.062328
vt 1.221745 -0.127549
vt 0.667398 -0.057760
vt 0.524741 0.999693
vt 0.430454 1.193910
vt 0.157569 1.408613
vt 0.094146 0.193910
vt 0.227833 0.209582
vt -0.068203 0.467298
vt 0.109129 0.983029
vt 0.524741 1.204956
vt 0.157569 0.884161
vt 0.668368 0.946728
vt 0.767358 1.109469
vt 0.593991 0.137800
vt 0.466736 0.178499
vt 0.528526 1.109469
vt 0.409200 0.137800
vt 0.649796 1.025841
vt 0.293846 0.218250
vt 0.532675 0.209582
vt 0.579079 1.025841
vt 0.504981 1.024134
vt 0.504981 0.024134
vt 0.579079 0.025841
vt 0.530368 0.671834
vt 0.635479 1.024134
vt 0.862970 1.671834
vt 0.582114 0.387522
vt 0.528526 0.109469
vt 0.521555 0.628107
vt 0.919328 0.628107
vt 0.767358 0.109469
vt 0.668368 -0.053272
vt 0.919328 1.628107
vt 0.977498 0.909752
vt 0.931797 0.467298
vt 1.011877 0.461706
vt 0.028626 0.859492
vt 0.157569 0.408613
vt 0.235786 0.467298
vt 0.899212 0.334872
vt 0.983029 -0.559027
vt 0.731084 0.508438
vt 0.899212 1.334872
vt 0.768680 1.473769
vt 1.198451 0.427410
vt 0.644708 0.419891
vt 0.668306 0.198451
vt 0.230083 -0.531212
vt 0.429084 -0.042120
vt 0.114551 0.483902
vt 0.340110 0.644708
vt 0.556275 1.156380
vt 0.194736 0.446187
vt -0.042120 0.288677
vt -0.485528 0.307396
vt 0.570615 0.318087
vt 0.741258 0.660975
vt 0.660975 0.693290
vt 0.591563 0.816068
vt 0.198451 0.427410
vt 0.707845 0.591563
vt 0.525216 0.354676
vt 0.556275 0.156380
vt 0.318087 0.385663
vt 0.354676 0.574473
vt 0.713961 0.277907
vt 0.741258 -0.306710
vt 0.651314 0.198155
vt 1.198742 1.277907
vt 1.169413 1.345248
vt 0.169413 0.345248
vt -0.408437 -0.183932
vt -0.339025 -0.306710
vt 0.118310 0.198155
vt 1.118310 1.198155
vt 0.127820 0.294792
vt 0.363450 0.577382
vt 0.364921 0.884851
vt 0.400043 0.858269
vt 0.535738 0.153309
vt 0.565523 0.087696
vt 0.595909 0.113387
vt 0.695836 -0.329704
vt 0.228079 0.059705
vt 0.364732 -0.637150
vt 0.995363 0.956874
vt 1.207450 1.381105
vt 1.217904 0.670296
vt 0.917309 0.391477
vt 0.830125 -0.546478
vt 1.005329 0.060912
vt -0.340583 0.340585
vt 0.211055 0.402452
vt 0.267766 0.806163
vt 0.847688 0.332049
vt 0.882415 1.293405
vt 0.131928 0.095422
vt 0.267385 0.518500
vt -0.248930 -0.587491
vt 0.830125 0.453522
vt 0.744923 -0.125836
vt 1.181755 -0.129110
vt 1.125998 0.422760
vt 0.027411 0.818963
vt -0.304164 1.670296
vt -0.328032 1.311567
vt 0.156245 0.728859
vt -0.032150 0.793548
vt 0.156245 0.030302
vt -0.138342 0.102744
vt 0.156124 -0.121734
vt 0.122369 0.307396
vt -0.340583 0.531802
vt 0.114551 0.430835
vt 1.122369 0.307396
vt 0.459844 0.900991
vt 0.345277 0.816014
vt 0.044507 0.874164
vt 0.316105 1.453522
vt 0.177020 0.095422
vt 0.144384 -0.424021
vt 0.322059 -0.693266
vt 0.336316 0.105386
vt 0.634382 0.412509
vt 0.377374 0.385443
vt 0.719837 0.802200
vt 0.283408 0.971194
vt 0.744923 1.044507
vt 0.514012 1.345277
vt 1.634382 0.412509
vt 1.181755 0.870890
vt 0.076335 0.698540
vt 0.181826 0.372491
vt 0.227879 0.596306
vt 0.504284 0.102159
vt 0.574227 0.134146
vt 0.349679 0.196976
vt 0.667398 0.356515
vt 0.524741 0.204956
vt 0.153309 0.383590
vt 0.340585 0.531802
vt 0.323347 0.139513
vt 0.192441 0.500596
vt 0.342296 0.062328
vt 0.196227 0.008878
vt 0.610973 0.218250
vt 0.125933 1.186110
vt -0.082691 0.391477
vt 0.044301 1.143371
vt 0.220309 -0.608523
vt 1.170850 2.114165
vt 0.468672 -0.618895
vt 0.170850 0.114165
vt 0.207450 -0.618895
vt 0.370720 0.216907
vt 0.067513 -0.587850
vt 0.177168 -0.994205
vt 0.177168 1.005795
vt 0.986703 0.816774
vt 0.967850 0.793548
vt 0.030302 0.728859
vt -0.123387 0.739735
vt 1.402452 0.483815
vt 0.458786 0.230001
vt 0.150848 2.360216
vt 0.154648 0.005795
vt 0.295620 -0.252214
vt 0.260669 -0.301587
vt 0.178062 0.801227
vt -0.067830 1.023740
vt 0.995949 0.900991
vt 1.133915 0.303104
vt 1.076335 0.698540
vt 0.267766 0.175538
vt 0.191712 0.178062
vt 0.459844 -0.004051
vt 0.952424 1.489182
vt 0.669549 1.477875
vt 1.010833 0.970870
vt -0.391358 0.893017
vt -0.311207 0.932170
vt 1.188134 -0.181037
vt 0.719837 -0.197800
vt 0.237332 0.631092
vt -0.047576 0.757891
vt 0.680190 0.651857
vt 0.631092 0.649126
vt 0.610805 0.911221
vt 0.611981 0.625031
vt 0.268150 0.751619
vt -0.281964 1.540165
vt 0.839752 -0.390508
vt 1.221745 0.872451
vt 1.659417 0.531802
vt 1.273040 0.695415
vt 0.876613 0.739735
vt 0.113387 1.347733
vt 0.256812 1.121201
vt 0.256812 0.121201
vt 0.983095 -0.481500
vt 0.876613 -0.260265
vt 0.679400 0.723993
vt 0.683235 0.735725
vt 0.574227 0.397623
vt 0.565523 0.383004
vt 0.396336 0.913134
vt 0.358212 0.956649
vt 0.472651 0.718684
vt 0.221745 0.348058
vt -0.299760 0.342296
vt -0.259571 0.196227
vt 1.273040 0.306001
vt -0.475259 0.204956
vt 0.235786 0.931797
vt 0.532675 1.227833
vt 0.388756 1.205708
vt 0.184040 1.011877
vt 1.303069 -0.265270
vt 1.707132 -0.291948
vt 0.109129 -0.016971
vt 0.349679 0.147912
vt 0.109129 0.440973
vt 0.184040 0.461706
vt 0.388756 0.265158
vt 0.447847 0.336869
vt 0.388756 0.205708
vt 0.447847 -0.702434
vt 0.532675 -0.790418
vt 0.845875 0.387522
vt 0.649796 0.025841
vt 0.862970 0.671834
vt 0.119325 0.909752
vt 0.889013 0.859492
vt 0.983029 0.440973
vt 0.884161 0.408613
vt -0.144752 1.334872
vt 0.707056 0.508438
vt 1.109129 -0.559027
vt 1.028626 -0.140508
vt 0.779015 0.473769
vt -0.220985 1.473769
vt 0.855248 0.334872
vt 0.230083 0.468788
vt 0.122369 0.514472
vt 0.429084 0.957880
vt 0.442714 0.194736
vt 0.114551 -0.516098
vt 0.514472 0.307396
vt 0.483902 0.430835
vt 1.194736 0.446187
vt 0.156380 0.527905
vt -0.355292 0.419891
vt 0.651314 1.118310
vt 0.570615 -0.614337
vt 0.730762 0.345248
vt 0.656347 0.294792
vt 0.660780 0.577382
vt 0.198742 0.277907
vt 0.667354 0.884851
s 1
usemtl Material.007
f 252/634/205 245/635/206 251/636/207
f 247/637/208 320/638/209 249/639/210
f 199/640/211 201/641/212 324/642/213
f 324/643/213 212/644/214 199/645/211
f 221/646/215 328/647/216 220/648/217
f 220/649/217 329/650/218 221/651/215
f 320/652/209 246/653/219 253/654/220
f 245/655/206 252/656/205 246/657/219
f 191/658/221 321/659/222 250/660/223
f 191/658/221 248/661/224 321/659/222
f 191/658/221 250/660/223 245/662/206
f 221/646/215 329/663/218 217/664/225
f 247/637/226 248/665/224 192/666/227
f 192/667/227 243/668/228 247/669/208
f 242/670/229 247/671/208 243/672/228
f 328/673/216 279/674/230 193/675/231
f 206/676/232 222/677/233 265/678/234
f 245/655/206 246/657/219 239/679/235
f 241/680/236 194/681/237 246/682/219
f 238/683/238 248/684/224 191/685/221
f 195/686/239 243/687/228 192/688/227
f 192/667/227 237/689/240 195/690/239
f 192/688/227 244/691/241 237/692/240
f 206/676/232 265/678/234 224/693/242
f 196/694/243 241/695/236 242/696/229
f 196/697/243 242/698/229 243/699/228
f 197/700/244 239/701/245 194/702/246
f 194/703/247 241/704/236 240/705/248
f 233/706/249 319/707/250 197/708/251
f 224/693/242 265/678/234 225/709/252
f 230/710/253 289/711/254 294/712/255
f 294/712/255 332/713/256 230/710/253
f 199/714/211 219/715/257 198/716/258
f 230/710/253 332/713/256 330/717/259
f 200/718/260 280/719/261 227/720/262
f 232/721/263 229/722/264 231/723/265
f 232/724/263 210/725/266 229/726/264
f 282/727/267 226/728/268 280/729/261
f 280/719/261 200/718/260 282/730/267
f 198/731/258 218/732/269 201/733/212
f 330/734/259 332/735/256 292/736/270
f 234/737/271 208/738/272 226/739/268
f 252/740/205 256/741/273 253/742/220
f 250/743/223 321/744/222 254/745/274
f 258/746/275 250/747/223 254/748/274
f 256/749/273 252/750/205 202/751/276
f 322/752/277 254/753/274 249/754/210
f 249/755/210 255/756/278 322/757/277
f 257/758/279 256/749/273 202/751/276
f 203/759/280 258/746/275 254/748/274
f 203/760/280 322/752/277 323/761/281
f 203/759/280 218/762/269 217/763/225
f 217/764/225 258/765/275 203/766/280
f 202/751/276 258/767/275 217/768/225
f 217/769/225 257/770/279 202/771/276
f 324/772/213 201/773/212 257/774/279
f 257/775/279 201/776/212 323/777/281
f 259/778/282 263/779/283 325/780/284
f 260/781/285 261/782/286 325/783/284
f 262/784/287 219/785/257 260/786/285
f 198/731/258 262/787/287 259/788/282
f 259/778/282 193/789/231 198/790/258
f 263/791/283 265/792/234 260/793/285
f 260/794/285 325/795/284 263/796/283
f 265/678/234 266/797/288 262/798/287
f 326/799/289 266/800/288 264/801/290
f 204/802/291 326/803/289 264/804/290
f 204/805/291 265/806/234 263/807/283
f 205/808/292 268/809/293 267/810/294
f 223/811/295 270/812/296 269/813/297
f 223/814/295 269/815/297 274/816/298
f 274/817/298 205/818/292 223/819/295
f 222/677/233 268/820/293 270/821/296
f 270/822/296 275/823/299 271/824/300
f 274/817/298 269/825/297 271/824/300
f 274/826/298 275/827/299 268/828/293
f 272/829/301 273/830/302 274/831/298
f 275/832/299 274/833/298 273/834/302
f 276/835/303 271/836/300 275/837/299
f 276/838/303 272/839/301 271/840/300
f 273/830/302 272/829/301 314/841/304
f 224/842/242 207/843/305 206/844/232
f 327/845/306 224/693/242 225/709/252
f 207/846/305 278/847/307 206/848/232
f 277/849/308 207/850/305 224/851/242
f 277/852/308 235/853/309 278/854/307
f 278/854/307 207/855/305 277/852/308
f 235/853/309 277/852/308 327/856/306
f 327/857/306 278/858/307 235/859/309
f 227/860/262 280/861/261 221/862/215
f 221/862/215 198/863/258 227/860/262
f 226/728/268 328/864/216 280/729/261
f 281/865/310 316/866/311 208/867/272
f 200/868/260 208/867/272 315/869/312
f 316/866/311 315/869/312 208/867/272
f 282/727/267 315/869/312 316/866/311
f 228/870/313 209/871/314 283/872/315
f 283/873/315 284/874/316 282/875/267
f 284/874/316 283/873/315 209/876/314
f 286/877/317 329/878/218 285/879/318
f 287/880/319 261/881/286 286/882/317
f 288/883/320 329/650/218 220/649/217
f 220/884/217 261/782/286 288/885/320
f 331/886/321 287/887/319 330/888/259
f 210/889/266 232/890/263 290/891/322
f 232/892/263 231/893/265 211/894/323
f 301/895/324 210/896/266 290/897/322
f 294/712/255 291/898/325 332/713/256
f 332/713/256 291/898/325 296/899/326
f 292/900/270 332/901/256 296/902/326
f 292/903/270 296/899/326 297/904/327
f 293/905/328 292/903/270 297/904/327
f 231/906/265 297/907/327 298/908/329
f 298/909/329 297/910/327 317/911/330
f 291/898/325 298/912/329 317/913/330
f 295/914/331 296/915/326 299/916/332
f 299/917/332 296/918/326 291/919/325
f 291/898/325 317/913/330 299/920/332
f 333/921/333 211/922/323 300/923/334
f 302/924/335 290/925/322 211/926/323
f 303/927/336 301/928/324 236/929/337
f 333/921/333 303/930/336 318/931/338
f 211/922/323 333/921/333 318/931/338
f 199/714/211 307/932/339 213/933/340
f 307/934/339 199/935/211 334/936/341
f 304/937/342 213/938/340 336/939/343
f 335/940/344 334/941/341 212/942/214
f 307/934/339 334/936/341 305/943/345
f 305/943/345 214/944/346 307/934/339
f 214/945/346 309/946/347 307/947/339
f 309/948/347 306/949/348 336/950/343
f 305/951/345 335/940/344 306/952/348
f 308/953/349 214/954/346 311/955/350
f 214/945/346 308/956/349 312/957/351
f 312/958/351 309/959/347 214/960/346
f 312/958/351 311/961/350 309/959/347
f 305/951/345 306/952/348 311/962/350
f 311/961/350 310/963/352 215/964/353
f 215/964/353 310/963/352 313/965/354
f 312/958/351 216/966/355 313/965/354
f 234/967/271 228/968/313 208/969/272
f 249/755/210 320/970/209 255/756/278
f 249/755/210 321/971/222 248/972/224
f 253/973/220 255/974/278 320/975/209
f 251/976/207 245/977/206 250/978/223
f 248/665/224 247/637/226 249/639/210
f 304/937/342 286/979/317 219/980/257
f 222/677/233 206/676/232 267/981/294
f 246/982/219 252/983/205 253/973/220
f 218/984/269 221/646/215 217/664/225
f 221/646/215 218/984/269 198/985/258
f 248/665/224 244/986/241 192/666/227
f 245/987/206 319/988/250 238/989/238 191/990/221
f 242/991/229 320/992/209 247/993/208
f 193/994/231 325/995/284 220/648/217
f 193/996/231 220/997/217 328/998/216
f 212/999/214 286/1000/317 304/1001/342
f 324/772/213 286/882/317 212/1002/214
f 204/802/291 205/1003/292 225/709/252
f 239/1004/235 319/1005/250 245/1006/206
f 239/1004/245 246/682/356 194/681/246
f 218/1007/269 203/1008/280 323/1009/281 201/1010/212
f 238/683/238 244/1011/357 248/684/224
f 196/697/243 240/1012/358 241/1013/236
f 197/1014/359 319/1015/250 239/1016/235
f 233/706/249 244/1017/357 238/1018/238
f 233/706/249 238/1018/238 319/707/250
f 223/1019/295 204/805/291 264/1020/290
f 223/1019/295 264/1020/290 222/1021/233
f 282/1022/267 281/1023/310 228/968/313
f 208/867/272 228/870/313 281/865/310
f 230/1024/253 330/1025/259 210/1026/266
f 227/720/262 208/738/272 200/718/260
f 199/714/211 198/716/258 201/1010/212
f 292/900/270 331/886/321 330/888/259
f 226/728/268 282/727/267 234/1027/271
f 286/1028/317 324/1029/213 217/769/225
f 286/1028/317 217/769/225 329/1030/218
f 331/1031/321 292/903/270 293/905/328
f 331/1031/321 293/905/328 229/1032/264
f 231/906/265 229/726/264 293/1033/328
f 250/743/223 258/1034/275 251/1035/207
f 249/755/210 254/1036/274 321/971/222
f 202/751/276 252/750/205 251/1037/207
f 253/973/220 256/1038/273 255/974/278
f 322/752/277 255/1039/278 323/761/281
f 202/751/276 251/1037/207 258/767/275
f 256/1040/273 323/777/281 255/1041/278
f 256/1040/273 257/775/279 323/777/281
f 254/748/274 322/1042/277 203/759/280
f 217/769/225 324/1029/213 257/770/279
f 204/802/291 263/1043/283 259/1044/282 326/803/289
f 193/994/231 259/1045/282 325/995/284
f 260/1046/285 286/882/317 261/881/286
f 325/1047/284 261/881/286 220/649/217
f 219/785/257 286/1000/317 260/786/285
f 193/1048/231 279/1049/230 198/716/258
f 198/731/258 219/1050/257 262/787/287
f 208/969/272 279/674/230 328/673/216 226/1051/268
f 262/784/287 260/786/285 265/1052/234
f 259/1053/282 262/1054/287 266/800/288
f 266/800/288 326/799/289 259/1053/282
f 265/678/234 222/677/233 266/797/288
f 264/1020/290 266/1055/288 222/1021/233
f 204/805/291 225/1056/252 265/806/234
f 222/1021/233 270/1057/296 223/1019/295
f 205/1058/292 204/1059/291 223/1060/295
f 267/1061/294 225/1062/252 205/1063/292
f 222/677/233 267/981/294 268/820/293
f 268/820/293 275/1064/299 270/821/296
f 205/1058/292 274/1065/298 268/1066/293
f 271/840/300 269/1067/297 270/1068/296
f 272/829/301 274/831/298 271/836/300
f 246/982/219 320/975/209 242/1069/229 241/1070/236
f 273/1071/302 276/838/303 275/1072/299
f 276/1073/303 273/1074/302 314/1075/304
f 276/1073/303 314/1075/304 272/1076/301
f 267/981/294 206/676/232 327/845/306
f 225/709/252 267/981/294 327/845/306
f 206/1077/232 278/858/307 327/857/306
f 327/845/306 277/1078/308 224/693/242
f 280/729/261 328/864/216 221/1079/215
f 330/734/259 287/1080/319 286/1081/317 285/1082/318
f 279/1083/230 208/1084/272 227/1085/262
f 227/1086/262 198/1087/258 279/1088/230
f 315/1089/312 282/730/267 200/718/260
f 316/1090/311 281/1091/310 282/730/267
f 234/1027/271 209/871/314 228/870/313
f 228/1092/313 283/1093/315 282/730/267
f 282/727/267 209/871/314 234/1027/271
f 282/730/267 284/1094/316 209/1095/314
f 329/878/218 288/885/320 285/879/318
f 261/782/286 287/1096/319 331/1097/321 229/1098/264
f 210/1026/266 330/1025/259 285/1099/318
f 285/879/318 288/885/320 210/1100/266
f 211/1101/323 231/1102/265 289/1103/254 300/1104/334
f 229/726/264 210/725/266 288/1105/320
f 229/726/264 288/1105/320 261/1106/286
f 210/1026/266 301/1107/324 230/1024/253
f 230/1108/253 301/1109/324 300/1110/334
f 230/1108/253 300/1110/334 289/1111/254
f 211/926/323 290/925/322 232/724/263
f 294/1112/255 289/1113/254 231/723/265
f 293/1033/328 297/907/327 231/906/265
f 298/909/329 294/1114/255 231/1115/265
f 291/898/325 294/712/255 298/912/329
f 295/1116/331 297/1117/327 296/918/326
f 317/1118/330 297/1117/327 295/1116/331
f 317/1118/330 295/1116/331 299/917/332
f 301/1109/324 333/1119/333 300/1110/334
f 302/1120/335 301/1121/324 290/1122/322
f 301/1109/324 303/1123/336 333/1119/333
f 236/1124/337 301/1125/324 302/1126/335
f 236/1124/337 302/1126/335 318/1127/338
f 211/926/323 318/1128/338 302/924/335
f 303/1129/336 236/1124/337 318/1127/338
f 199/1130/211 212/1131/214 334/1132/341
f 213/933/340 219/715/257 199/714/211
f 304/937/342 219/980/257 213/938/340
f 336/950/343 335/1133/344 304/1134/342
f 212/1135/214 304/1136/342 335/1137/344
f 307/947/339 336/1138/343 213/1139/340
f 336/950/343 306/949/348 335/1133/344
f 305/951/345 334/941/341 335/940/344
f 307/947/339 309/946/347 336/1138/343
f 309/948/347 311/1140/350 306/949/348
f 311/955/350 214/954/346 305/1141/345
f 312/1142/351 310/1143/352 311/955/350
f 308/953/349 311/955/350 215/1144/353
f 312/958/351 308/1145/349 215/964/353
f 313/1146/354 310/1143/352 312/1142/351
f 312/958/351 215/964/353 216/966/355
f 216/966/355 215/964/353 313/965/354
o Tree_1
v -7.649305 2.189455 7.093041
v -7.228100 0.299806 7.511427
v -7.346711 -0.700763 6.615801
v -5.663574 10.282157 6.140151
v -7.296462 4.347342 7.511730
v -7.386232 5.723145 7.329861
v -8.099350 2.442178 7.064782
v -9.226870 6.093235 7.085541
v -10.143064 10.135875 6.640469
v -10.228941 10.091403 7.102603
v -3.161196 11.210326 7.399094
v -2.025823 12.013704 7.908129
v -5.438470 10.388063 6.427143
v -4.947999 10.964694 6.052432
v -4.084670 11.375937 2.712006
v -4.435827 11.067055 5.175649
v -5.844663 10.312821 6.521343
v -9.731766 13.058780 4.844427
v -10.092728 13.230639 4.855679
v -7.093582 2.317170 7.561093
v -8.080015 2.421318 7.748141
v -7.994905 2.444061 7.884274
v -7.829548 2.483203 7.931424
v -5.943331 9.424892 6.848263
v -5.688375 9.248788 6.616986
v -9.433179 11.397411 3.894440
v -8.000484 -0.888792 6.583965
v -10.617239 10.327694 6.919388
v -8.094707 -0.583284 8.137304
v -8.571123 -0.669580 7.159739
v -9.871742 8.832623 6.911302
v -10.325314 10.367270 6.854673
v -7.005373 -0.675845 7.761137
v -7.741353 0.300244 7.939258
v -8.106139 0.451149 7.430935
v -7.591748 0.499327 7.059783
v -7.598061 3.031421 8.140849
v -7.749803 5.363965 8.024065
v -7.395523 4.441966 8.026798
v -7.326777 6.213478 8.063822
v -7.680532 3.778743 7.282403
v -7.072257 5.770472 7.970614
v -7.467219 6.950449 7.403795
v -6.921308 6.105052 7.532379
v -8.473938 2.882491 7.535571
v -8.221424 2.285060 7.353060
v -7.472472 2.578744 7.452216
v -8.045850 3.053278 7.822368
v -9.564721 6.115001 6.328268
v -9.049492 6.175988 6.588441
v -9.419484 11.211033 4.021388
v -9.493746 11.046898 5.250469
v -9.916024 11.007136 5.640430
v -10.421633 9.838978 7.114110
v -11.703313 11.496787 7.354785
v -11.705771 11.754554 7.326077
v -11.613326 11.674590 7.506167
v -13.270435 12.615074 7.497798
v -5.028876 10.159675 6.692755
v -4.853238 10.625978 6.788880
v -3.890821 11.144998 7.031076
v -1.840340 11.939577 7.902169
v -4.950376 10.856154 5.483716
v -5.155202 10.075082 6.288502
v -3.834518 11.514365 2.438815
v -4.942671 11.267171 5.453765
v -4.095800 11.544520 2.854943
v -7.078161 11.549977 5.362032
v -5.793319 9.644885 6.270299
v -6.502739 11.467134 5.466272
v -7.207155 11.994866 5.320664
v -7.030407 11.644688 5.106806
v -10.060763 13.255987 4.672477
v -9.100285 12.504929 4.846217
v -1.628730 12.431755 8.084221
v -3.681756 12.750419 0.882819
v -11.035879 15.156237 4.591669
v -7.586391 2.547026 7.871169
v -8.049802 2.416701 7.542510
v -7.872385 2.467670 7.420079
v -8.055292 4.327038 7.691616
v -9.791255 6.145518 6.913722
v -10.260312 9.275798 6.848919
v -13.243252 12.655342 7.600972
v -2.206212 11.707576 7.917583
v -5.998436 9.808566 6.420101
vn -0.1663 -0.0407 -0.9852
vn -0.5788 0.0618 -0.8131
vn -0.9957 0.0641 -0.0662
vn 0.1799 0.1986 -0.9634
vn -0.9712 0.2149 -0.1027
vn -0.4545 -0.2522 -0.8543
vn 0.9746 0.1863 0.1247
vn 0.8917 0.2103 0.4007
vn 0.9478 0.1445 -0.2844
vn 0.1455 0.3692 -0.9179
vn -0.4170 0.2737 0.8667
vn -0.0690 0.1948 0.9784
vn -0.3514 0.3935 -0.8495
vn -0.8394 0.4305 -0.3319
vn -0.5885 -0.2694 0.7623
vn -0.5847 -0.1629 -0.7947
vn -0.6400 -0.1884 -0.7449
vn 0.8676 0.2670 -0.4195
vn 0.3261 -0.5192 -0.7900
vn 0.6544 0.2094 0.7266
vn -0.9788 -0.2021 0.0332
vn -0.0955 0.2167 0.9715
vn 0.5254 -0.6602 0.5367
vn -0.4700 0.4922 0.7327
vn 0.9896 0.0633 -0.1293
vn 0.0444 -0.0607 0.9972
vn -0.1857 0.5980 -0.7797
vn -0.3556 0.6301 0.6903
vn -0.1928 0.9804 -0.0412
vn -0.6536 0.1472 0.7424
vn -0.1382 0.0173 -0.9903
vn 0.9094 -0.0554 -0.4123
vn 0.6459 -0.0242 0.7631
vn -0.0445 0.3055 0.9512
vn 0.7603 -0.0201 0.6493
vn -0.0771 -0.0578 -0.9953
vn 0.9651 -0.2464 -0.0886
vn 0.8541 -0.5194 0.0254
vn -0.7888 0.4850 0.3776
vn -0.8386 -0.2947 0.4581
vn -0.8963 -0.2190 0.3856
vn -0.8849 -0.2740 -0.3766
vn 0.4202 0.1409 -0.8964
vn 0.8572 0.3029 -0.4165
vn 0.4585 0.1340 -0.8785
vn 0.3817 0.2600 0.8870
vn 0.9728 0.2206 0.0701
vn -0.4893 -0.0124 0.8720
vn 0.6921 0.4662 0.5510
vn 0.9067 0.3268 0.2667
vn 0.2785 0.9227 -0.2664
vn -0.5940 0.7707 0.2307
vn 0.2863 -0.6459 -0.7077
vn 0.0848 0.4677 -0.8798
vn 0.3992 0.3560 0.8449
vn 0.2900 0.5899 -0.7536
vn -0.7778 -0.6171 -0.1189
vn 0.0100 0.3099 0.9507
vn -0.0987 0.3108 0.9453
vn -0.0733 0.8221 -0.5647
vn 0.4126 0.0916 -0.9063
vn 0.0784 -0.6130 0.7862
vn 0.7694 -0.5027 -0.3942
vn 0.8864 -0.3826 -0.2606
vn -0.5412 0.7768 -0.3220
vn 0.5588 0.7855 0.2659
vn -0.0479 -0.4617 -0.8857
vn -0.4890 -0.4646 -0.7382
vn 0.2503 0.6208 0.7430
vn -0.4181 0.9077 0.0365
vn 0.8285 -0.5054 -0.2412
vn 0.9755 -0.0767 0.2061
vn -0.4904 -0.8101 -0.3214
vn -0.4598 0.8868 0.0463
vn 0.1424 0.5766 -0.8045
vn 0.7874 0.5510 -0.2763
vn 0.1658 -0.1405 -0.9761
vn 0.3016 0.8876 0.3482
vn -0.9965 -0.0828 -0.0086
vn -0.4184 -0.8228 -0.3846
vn -0.7988 -0.5735 0.1817
vn -0.2458 -0.3455 -0.9057
vn -0.6105 -0.4402 0.6584
vn 0.4731 0.8807 -0.0254
vn -0.4733 0.8766 -0.0874
vn -0.9893 0.0085 -0.1456
vn -0.9476 0.0345 0.3176
vn -0.2034 -0.2733 0.9402
vn -0.0345 -0.3439 0.9384
vn -0.8729 -0.2532 0.4170
vn -0.9027 -0.1066 0.4168
vn -0.6298 -0.0601 0.7744
vn 0.0146 0.0042 0.9999
vn 0.2373 0.0131 0.9714
vn -0.9183 0.3772 -0.1202
vn -0.5357 0.8388 -0.0975
vn -0.6710 0.0541 0.7394
vn -0.7823 -0.3500 0.5152
vn -0.4719 0.0047 0.8817
vn 0.7067 0.6647 0.2425
vn -0.7355 -0.6711 -0.0930
vn -0.0427 0.1721 0.9842
vn 0.1714 0.2474 0.9536
vt 0.902406 0.166418
vt 0.961545 0.149428
vt 0.963375 0.786207
vt 0.808861 0.510303
vt 0.980325 0.494244
vt 0.978061 1.157920
vt 0.491657 0.443796
vt 0.408420 0.118579
vt 0.790199 0.110273
vt 0.642205 0.510303
vt 0.518487 0.494244
vt 0.283031 0.149433
vt 0.349046 0.443942
vt 0.613403 0.118579
vt 0.687645 0.443796
vt 0.858729 0.443942
vt 0.727182 0.110273
vt 0.945106 0.047597
vt 0.608886 0.120668
vt 0.624095 0.623521
vt 0.689003 0.786426
vt 0.712492 0.435794
vt 0.691698 0.288069
vt 0.781976 0.722486
vt 0.627931 0.707662
vt 0.544446 0.105547
vt 0.518487 -0.505756
vt 0.349046 -0.556058
vt 0.259387 0.485492
vt -0.045431 0.730419
vt -0.103977 0.885854
vt 0.642805 1.116251
vt 0.810965 1.354335
vt 0.948749 0.166135
vt 0.821685 0.226498
vt 0.853085 0.091101
vt 0.320777 0.131849
vt 0.431594 -0.213793
vt 0.281849 -0.645665
vt 0.431594 0.786207
vt 0.567998 0.603442
vt 0.522106 0.166418
vt 0.838455 0.603442
vt 0.710432 0.792975
vt 0.642805 0.116251
vt 0.861545 0.131849
vt 0.810965 -0.645665
vt 0.743452 -0.175484
vt 0.720536 0.415020
vt 0.491556 0.792975
vt 0.338594 1.267351
vt 0.319866 0.824516
vt 0.740355 0.251576
vt 0.585380 0.378878
vt 0.710432 -0.207025
vt 0.635697 0.267351
vt 0.338594 0.267351
vt 0.484673 0.378878
vt 0.307525 0.415020
vt 0.174403 0.426790
vt 0.720536 -0.584980
vt 0.018753 0.105547
vt -0.038455 0.149428
vt 0.102924 0.304691
vt 0.690892 1.392367
vt 0.886043 1.382195
vt 0.466518 0.382195
vt 0.294775 0.402524
vt -0.171954 -0.926321
vt 0.633619 0.374939
vt 0.511394 -0.796558
vt 0.799318 0.402524
vt 0.542029 0.392367
vt 0.102924 -0.695309
vt -0.039772 -0.638380
vt 0.960228 0.361620
vt 1.353901 1.374939
vt 1.542029 1.392367
vt 0.568858 0.288069
vt 0.294775 -0.597476
vt 0.466518 -0.617805
vt 0.698381 1.435794
vt 0.568858 1.288069
vt 1.245309 1.026160
vt 0.817357 0.786426
vt 0.720048 0.799618
vt 0.659298 0.722486
vt 0.115322 0.583619
vt -0.372069 0.687924
vt 0.245309 0.442859
vt 0.655003 0.080872
vt -0.218024 -0.277514
vt 0.115322 0.012907
vt 0.710575 0.799618
vt 1.115322 1.012907
vt 0.697319 0.142998
vt 0.245309 0.026160
vt 0.697319 0.422670
vt 0.493410 0.235391
vt 0.627931 -0.292338
vt 0.710575 -0.200382
vt 0.710575 0.720048
vt 0.553440 1.180201
vt 0.493410 1.149386
vt 0.543870 0.179381
vt 0.461808 0.692694
vt 0.496199 0.701756
vt 0.179381 0.176124
vt 0.701756 0.548886
vt 0.180201 0.262046
vt 0.732506 0.896023
vt 0.651774 0.575218
vt 0.853085 1.091101
vt 0.332009 0.080636
vt 0.013681 0.246386
vt 0.996678 -0.297779
vt 0.899298 0.996678
vt 0.356272 0.013681
vt 0.764547 0.954569
vt 0.529101 0.332009
vt 0.361410 -0.108276
vt -0.046449 0.348428
vt 0.896023 -0.114146
vt -0.108276 0.323720
vt 0.891724 0.323720
vt 0.953551 0.348428
vt 0.821187 0.487779
vt 0.905366 1.209383
vt 1.167561 0.928402
vt 0.977988 0.927610
vt 0.948749 1.166135
vt 0.166135 0.771246
vt -0.074166 1.099584
vt -0.071598 0.962579
vt 0.928402 0.962579
vt 1.209383 0.558822
vt 1.166135 0.771246
vt 0.182528 0.556450
vt -0.729750 0.756886
vt 0.091464 0.639834
vt 0.270250 0.756886
vt 1.182528 0.556450
vt 0.177544 0.925834
vt 1.043818 0.643544
vt 0.701193 0.505529
vt 0.182528 0.181983
vt 0.701193 0.594000
vt 0.043818 0.192034
vt 0.091464 0.135839
vt 0.821685 0.781468
vt 0.948749 0.771246
vt 1.173375 1.166239
vt 0.445857 0.166239
vt 0.166135 -0.228754
vt 0.621746 0.225423
vt 0.680662 0.342150
vt 0.277756 -0.386617
vt 0.226498 -0.218532
vt 0.293197 0.621746
vt 0.221911 0.680662
vt 0.173375 0.445857
vt -0.178315 0.226498
vt 0.380060 0.311705
vt 0.293197 -0.378254
vt 0.208122 -0.362336
vt 0.311705 0.512170
vt 0.631865 0.762524
vt -0.378254 0.225423
vt 0.376906 0.642519
vt 0.221911 -0.319338
vt 0.380657 0.522199
vt 0.376906 0.754074
vt 0.464909 1.395940
vt 0.437973 0.762524
vt 0.956903 1.395940
vt 0.522199 0.696788
vt 0.808861 -0.489697
vt 0.828046 0.073679
vt 0.475101 0.116251
vt 0.491657 -0.556204
vt 0.642205 -0.489697
vt 0.631119 0.828046
vt 0.522106 0.902406
vt 0.475101 0.642805
vt 0.978061 0.157920
vt 1.135319 0.120668
vt 0.481296 0.149428
vt 0.412752 0.150967
vt 0.810965 0.354335
vt 0.943246 0.158548
vt 0.888127 0.171595
vt 0.807075 0.192870
vt 0.640538 0.157920
vt 0.976514 0.149433
vt 0.367374 0.158548
vt 0.712712 0.485492
vt 0.855432 0.613383
vt 0.888127 1.171595
vt 0.943246 1.158548
vt 0.807075 1.192870
vt 0.767350 1.660677
vt 0.740355 1.251576
vt 0.544446 0.018753
vt 0.412752 -0.028384
vt 0.481296 -0.038455
vt 0.226498 0.781468
vt 0.971616 0.150967
vt 0.996678 0.702221
vt 1.174403 0.426790
vt 0.281849 0.354335
vt 0.371743 0.192870
vt 0.698381 0.435794
vt 0.899298 0.702221
vt 0.764547 0.730419
vt 0.789804 0.426790
vt 0.732506 -0.103977
vt 0.767350 0.660677
vt 0.259387 1.485492
vt 0.277756 1.613383
vt 0.527534 0.660677
vt 0.491556 -0.207025
vt 0.209383 1.558822
vt 1.102924 0.304691
vt 0.209383 0.558822
vt 0.740355 -0.748424
vt 0.767350 -0.339323
vt 0.585380 -0.621122
vt 0.789804 1.426790
vt 0.511394 0.769102
vt 0.511394 0.203442
vt 0.388010 0.361620
vt 0.493410 0.149386
vt 0.553440 0.180201
vt 0.483609 0.304691
vt 1.466518 1.382195
vt 0.631119 0.073679
vt 0.799318 1.402524
vt 0.388010 -0.638380
vt 0.691698 1.288069
vt 0.886043 0.382195
vt 0.690892 0.392367
vt 0.712492 1.435794
vt 0.627931 1.707662
vt 0.690892 -0.607633
vt 0.752155 0.623521
vt 0.353901 -0.625061
vt 0.687924 0.707662
vt 0.353901 0.374939
vt 0.752155 1.623521
vt 1.655003 1.080872
vt -0.289425 0.720048
vt 0.543870 0.176124
vt 0.689003 -0.213574
vt 0.624095 -0.376479
vt 1.179381 1.176124
vt 1.180201 1.262046
vt -0.279952 -0.200382
vt -0.182643 -0.213574
vt 0.149386 0.235391
vt -0.247845 -0.376479
vt 1.149386 1.235391
vt -0.832439 -0.037421
vt -0.822456 0.099584
vt 0.692694 0.562309
vt 1.091101 0.806548
vt 0.575218 1.058860
vt 0.954569 0.730419
vt 0.013681 1.246386
vt 0.896023 0.885854
vt 0.575218 0.058860
vt 0.359423 0.953551
vt 0.651774 1.575218
vt 0.732506 1.896023
vt -0.178813 0.487779
vt 0.356272 0.246386
vt 0.300726 0.487779
vt 0.359423 0.348428
vt 0.927610 0.998759
vt 0.756886 1.032879
vt 1.270250 1.032879
vt 0.977988 0.998759
vt 1.270250 0.756886
vt 1.177544 0.925834
vt -0.832439 0.928402
vt 0.293197 0.225423
vt -0.094634 -0.441178
vt -0.144568 -0.386617
vt 0.208122 0.193853
vt 0.621746 1.225423
vt 0.221911 0.342150
vt 0.437973 0.631865
vt 0.437973 1.631865
vt 0.380657 1.522199
vt -0.319338 0.342150
vt 0.637664 0.193853
vt 1.642519 0.754074
vt 0.642519 0.754074
s 1
usemtl Material.001
f 416/1147/360 415/1148/361 417/1149/362
f 372/1150/363 371/1151/364 343/1152/365
f 338/1153/366 369/1154/367 339/1155/368
f 339/1155/369 372/1156/363 338/1153/366
f 371/1157/364 365/1158/370 370/1159/371
f 369/1160/367 338/1161/366 370/1162/371
f 372/1150/363 339/1163/369 363/1164/372
f 365/1158/370 371/1157/364 366/1165/373
f 390/1166/374 364/1167/375 419/1168/376
f 367/1169/377 345/1170/378 346/1171/379
f 382/1172/380 371/1173/364 370/1174/371
f 360/1175/381 395/1176/382 396/1177/383
f 370/1162/371 356/1178/384 373/1179/385
f 340/1180/386 353/1181/387 349/1182/388
f 374/1183/389 417/1184/362 373/1185/385
f 417/1186/362 377/1187/390 416/1188/360
f 377/1189/390 341/1190/391 356/1191/384
f 374/1192/389 373/1193/385 375/1194/392
f 374/1192/389 375/1194/392 376/1195/393
f 341/1196/391 378/1197/394 375/1198/392
f 342/1199/395 380/1200/396 341/1201/391
f 376/1195/393 375/1194/392 378/1202/394
f 378/1203/394 380/1204/396 376/1205/393
f 361/1206/397 360/1175/381 376/1207/393
f 382/1208/380 415/1209/398 381/1210/399
f 382/1172/380 418/1211/400 385/1212/401
f 385/1213/402 386/1214/403 337/1215/404
f 344/1216/405 383/1217/406 386/1218/403
f 418/1219/400 381/1220/399 384/1221/407
f 384/1222/408 344/1223/405 418/1224/400
f 367/1225/377 386/1226/403 385/1227/402
f 385/1213/401 419/1228/376 367/1229/377
f 345/1170/378 388/1230/409 346/1171/379
f 364/1231/375 368/1232/410 345/1233/378
f 389/1234/411 346/1235/379 388/1236/409
f 387/1237/412 345/1238/378 389/1239/411
f 345/1170/378 368/1240/410 389/1241/411
f 387/1237/412 362/1242/413 388/1243/409
f 362/1244/413 389/1234/411 388/1236/409
f 362/1242/413 387/1237/412 389/1239/411
f 393/1245/414 346/1246/379 368/1247/410
f 368/1248/410 392/1249/415 393/1250/414
f 391/1251/416 420/1252/417 394/1253/418
f 391/1254/416 394/1255/418 392/1256/415
f 396/1257/383 397/1258/419 349/1259/388
f 347/1260/420 421/1261/421 400/1262/422
f 400/1263/422 421/1264/421 395/1265/382
f 347/1266/420 398/1267/423 421/1264/421
f 421/1261/421 348/1268/424 396/1269/383
f 347/1260/420 348/1268/424 398/1270/423
f 398/1271/423 348/1272/424 411/1273/425
f 400/1263/422 405/1274/426 399/1275/427
f 350/1276/428 340/1277/386 349/1259/388
f 340/1278/386 402/1279/429 399/1280/427
f 399/1281/427 405/1282/426 340/1283/386
f 401/1284/430 352/1285/431 351/1286/432
f 352/1287/431 401/1288/430 402/1289/429
f 402/1289/429 401/1288/430 403/1290/433
f 351/1286/432 412/1291/434 401/1284/430
f 401/1292/430 412/1293/434 403/1294/433
f 412/1293/434 351/1295/432 403/1294/433
f 353/1296/387 340/1297/386 406/1298/435
f 406/1299/435 340/1300/386 408/1301/436
f 407/1302/437 422/1303/438 353/1304/387
f 408/1305/436 407/1306/437 406/1307/435
f 407/1306/437 353/1308/387 406/1307/435
f 410/1309/439 408/1310/436 404/1311/440
f 410/1312/439 409/1313/441 408/1314/436
f 355/1315/442 407/1316/437 354/1317/443
f 355/1318/442 413/1319/444 409/1320/441
f 409/1313/441 413/1321/444 354/1322/443
f 377/1189/390 356/1191/384 416/1147/360
f 356/1191/384 372/1323/363 337/1324/404
f 356/1325/384 338/1326/366 372/1327/363
f 337/1328/404 416/1329/360 356/1330/384
f 337/1324/404 372/1323/363 343/1331/365
f 372/1150/363 363/1164/372 366/1332/373 371/1151/364
f 417/1186/362 415/1333/445 357/1334/446
f 373/1335/385 358/1336/447 359/1337/448
f 373/1335/385 359/1337/448 414/1338/449
f 338/1161/366 356/1178/384 370/1162/371
f 343/1339/365 371/1173/364 382/1172/380
f 370/1162/371 365/1340/370 369/1160/367
f 357/1334/450 382/1172/380 370/1174/371 358/1341/451
f 360/1342/381 353/1296/387 422/1343/438
f 370/1162/371 359/1344/452 358/1345/451
f 370/1162/371 414/1346/453 359/1344/452
f 377/1189/390 417/1149/362 379/1347/454 342/1348/395
f 382/1349/380 357/1350/455 415/1351/398
f 353/1352/387 360/1175/381 396/1177/383
f 358/1336/456 373/1335/385 417/1149/362 357/1353/446
f 400/1354/422 361/1355/397 405/1282/426
f 373/1356/385 414/1357/449 370/1174/371
f 345/1233/378 367/1225/377 419/1358/376
f 400/1359/422 395/1360/382 361/1361/397
f 345/1233/378 419/1358/376 364/1231/375
f 353/1181/387 396/1362/383 349/1182/388
f 356/1325/384 375/1198/392 373/1356/385
f 356/1325/384 341/1196/391 375/1198/392
f 379/1363/454 376/1195/393 360/1364/381 422/1365/438
f 341/1190/391 377/1189/390 342/1348/395
f 379/1366/454 417/1184/362 374/1183/389
f 378/1203/394 341/1367/391 380/1204/396
f 376/1205/393 379/1366/454 374/1183/389
f 342/1199/395 405/1368/426 380/1200/396
f 357/1353/457 358/1336/458 384/1222/407 381/1369/399
f 379/1363/454 422/1365/438 405/1368/426
f 405/1370/426 342/1371/395 379/1372/454
f 361/1206/397 380/1373/396 405/1370/426
f 376/1205/393 380/1204/396 361/1374/397
f 361/1206/397 395/1176/382 360/1175/381
f 337/1328/404 383/1375/406 416/1329/360
f 383/1376/406 384/1377/408 414/1357/459
f 420/1252/417 393/1378/414 392/1379/415 394/1253/418
f 381/1380/399 415/1333/460 357/1334/457
f 358/1336/458 359/1337/461 384/1222/407
f 359/1337/461 414/1338/462 384/1222/407
f 382/1172/380 385/1212/401 343/1339/365
f 337/1324/404 343/1331/365 385/1381/402
f 382/1172/380 381/1380/399 418/1211/400
f 337/1382/404 386/1383/403 383/1376/406
f 344/1216/405 384/1384/408 383/1217/406
f 386/1218/403 367/1385/377 344/1216/405
f 385/1386/401 418/1387/400 419/1388/376
f 344/1216/405 367/1385/377 346/1389/379
f 390/1166/374 419/1168/376 418/1390/400
f 390/1391/374 344/1392/405 346/1393/379
f 418/1219/400 344/1394/405 390/1395/374
f 345/1170/378 387/1396/412 388/1230/409
f 389/1234/411 368/1397/410 346/1235/379
f 391/1398/416 364/1399/375 390/1400/374
f 364/1231/375 391/1401/416 392/1402/415
f 392/1256/415 368/1403/410 364/1404/375
f 393/1405/414 391/1254/416 390/1406/374
f 390/1391/374 346/1393/379 393/1407/414
f 403/1294/433 351/1295/432 399/1408/427 402/1409/429
f 393/1405/414 420/1410/417 391/1254/416
f 400/1354/422 349/1411/388 397/1412/419
f 395/1413/382 421/1414/421 396/1415/383
f 397/1416/419 347/1260/420 400/1262/422
f 348/1417/424 397/1418/419 396/1419/383
f 347/1260/420 397/1416/419 348/1268/424
f 421/1261/421 398/1270/423 411/1420/425
f 421/1421/421 411/1422/425 348/1423/424
f 400/1354/422 350/1424/428 349/1411/388
f 400/1354/422 399/1281/427 352/1425/431
f 400/1359/422 352/1426/431 350/1427/428
f 350/1276/428 352/1428/431 402/1429/429
f 350/1276/428 402/1429/429 340/1277/386
f 351/1286/432 352/1285/431 399/1430/427
f 408/1431/436 405/1432/426 422/1433/438 404/1434/440
f 405/1370/426 408/1435/436 340/1278/386
f 407/1436/437 404/1434/440 422/1433/438
f 410/1309/439 355/1315/442 409/1437/441
f 408/1305/436 409/1438/441 354/1439/443
f 354/1322/443 407/1440/437 408/1314/436
f 355/1315/442 410/1309/439 404/1311/440
f 404/1441/440 407/1302/437 355/1442/442
f 355/1443/442 354/1322/443 413/1321/444
o Tree1M
v -7.649305 2.189455 -3.906959
v -7.228100 0.299806 -3.488573
v -7.346711 -0.700763 -4.384199
v -5.663574 10.282157 -4.859849
v -7.296462 4.347342 -3.488271
v -7.386232 5.723145 -3.670139
v -8.099350 2.442178 -3.935219
v -9.226870 6.093235 -3.914459
v -10.143064 10.135875 -4.359531
v -10.228941 10.091403 -3.897397
v -3.161196 11.210326 -3.600906
v -2.025823 12.013704 -3.091871
v -5.438470 10.388063 -4.572857
v -4.947999 10.964694 -4.947568
v -4.084670 11.375937 -8.287994
v -4.435827 11.067055 -5.824351
v -5.844663 10.312821 -4.478657
v -9.731766 13.058780 -6.155574
v -10.092728 13.230639 -6.144321
v -7.093582 2.317170 -3.438907
v -8.080015 2.421318 -3.251859
v -7.994905 2.444061 -3.115726
v -7.829548 2.483203 -3.068576
v -5.943331 9.424892 -4.151738
v -5.688375 9.248788 -4.383014
v -9.433179 11.397411 -7.105560
v -8.000484 -0.888792 -4.416035
v -10.617239 10.327694 -4.080613
v -8.094707 -0.583284 -2.862696
v -8.571123 -0.669580 -3.840261
v -9.871742 8.832623 -4.088698
v -10.325314 10.367270 -4.145328
v -7.005373 -0.675845 -3.238863
v -7.741353 0.300244 -3.060742
v -8.106139 0.451149 -3.569065
v -7.591748 0.499327 -3.940217
v -7.598061 3.031421 -2.859151
v -7.749803 5.363965 -2.975935
v -7.395523 4.441966 -2.973202
v -7.326777 6.213478 -2.936178
v -7.680532 3.778743 -3.717597
v -7.072257 5.770472 -3.029386
v -7.467219 6.950449 -3.596206
v -6.921308 6.105052 -3.467622
v -8.473938 2.882491 -3.464429
v -8.221424 2.285060 -3.646940
v -7.472472 2.578744 -3.547784
v -8.045850 3.053278 -3.177632
v -9.564721 6.115001 -4.671732
v -9.049492 6.175988 -4.411559
v -9.419484 11.211033 -6.978612
v -9.493746 11.046898 -5.749531
v -9.916024 11.007136 -5.359571
v -10.421633 9.838978 -3.885890
v -11.703313 11.496787 -3.645215
v -11.705771 11.754554 -3.673923
v -11.613326 11.674590 -3.493833
v -13.270435 12.615074 -3.502202
v -5.028876 10.159675 -4.307245
v -4.853238 10.625978 -4.211121
v -3.890821 11.144998 -3.968925
v -1.840340 11.939577 -3.097831
v -4.950376 10.856154 -5.516284
v -5.155202 10.075082 -4.711498
v -3.834518 11.514365 -8.561186
v -4.942671 11.267171 -5.546236
v -4.095800 11.544520 -8.145058
v -7.078161 11.549977 -5.637968
v -5.793319 9.644885 -4.729701
v -6.502739 11.467134 -5.533728
v -7.207155 11.994866 -5.679336
v -7.030407 11.644688 -5.893194
v -10.060763 13.255987 -6.327523
v -9.100285 12.504929 -6.153784
v -1.628730 12.431755 -2.915779
v -3.681756 12.750419 -10.117181
v -11.035879 15.156237 -6.408331
v -7.586391 2.547026 -3.128832
v -8.049802 2.416701 -3.457490
v -7.872385 2.467670 -3.579921
v -8.055292 4.327038 -3.308385
v -9.791255 6.145518 -4.086279
v -10.260312 9.275798 -4.151082
v -13.243252 12.655342 -3.399028
v -2.206212 11.707576 -3.082418
v -5.998436 9.808566 -4.579899
vn -0.1663 -0.0407 -0.9852
vn -0.5788 0.0618 -0.8131
vn -0.9957 0.0641 -0.0662
vn 0.1799 0.1986 -0.9634
vn -0.9712 0.2149 -0.1027
vn -0.4545 -0.2522 -0.8543
vn 0.9746 0.1863 0.1247
vn 0.8917 0.2103 0.4007
vn 0.9478 0.1445 -0.2844
vn 0.1455 0.3692 -0.9179
vn -0.4170 0.2737 0.8667
vn -0.0690 0.1948 0.9784
vn -0.3514 0.3935 -0.8495
vn -0.8394 0.4305 -0.3319
vn -0.5885 -0.2694 0.7623
vn -0.5847 -0.1629 -0.7947
vn -0.6400 -0.1884 -0.7449
vn 0.8676 0.2670 -0.4195
vn 0.3261 -0.5192 -0.7900
vn 0.6544 0.2094 0.7266
vn -0.9788 -0.2021 0.0332
vn -0.0955 0.2167 0.9715
vn 0.5254 -0.6602 0.5367
vn -0.4700 0.4922 0.7327
vn 0.9896 0.0633 -0.1293
vn 0.0444 -0.0607 0.9972
vn -0.1857 0.5980 -0.7797
vn -0.3556 0.6301 0.6903
vn -0.1928 0.9804 -0.0412
vn -0.6536 0.1472 0.7424
vn -0.1382 0.0173 -0.9903
vn 0.9094 -0.0554 -0.4123
vn 0.6459 -0.0242 0.7631
vn -0.0445 0.3055 0.9512
vn 0.7603 -0.0201 0.6493
vn -0.0771 -0.0578 -0.9953
vn 0.9651 -0.2464 -0.0886
vn 0.8541 -0.5194 0.0254
vn -0.7888 0.4850 0.3776
vn -0.8386 -0.2947 0.4581
vn -0.8963 -0.2190 0.3856
vn -0.8849 -0.2740 -0.3766
vn 0.4202 0.1409 -0.8964
vn 0.8572 0.3029 -0.4165
vn 0.4585 0.1340 -0.8785
vn 0.3817 0.2600 0.8870
vn 0.9728 0.2206 0.0701
vn -0.4893 -0.0124 0.8720
vn 0.6921 0.4662 0.5510
vn 0.9067 0.3268 0.2667
vn 0.2785 0.9227 -0.2664
vn -0.5940 0.7707 0.2307
vn 0.2863 -0.6459 -0.7077
vn 0.0848 0.4677 -0.8798
vn 0.3992 0.3560 0.8449
vn 0.2900 0.5899 -0.7536
vn -0.7778 -0.6171 -0.1189
vn 0.0100 0.3099 0.9507
vn -0.0987 0.3108 0.9453
vn -0.0733 0.8221 -0.5647
vn 0.4126 0.0916 -0.9063
vn 0.0784 -0.6130 0.7862
vn 0.7694 -0.5027 -0.3942
vn 0.8864 -0.3826 -0.2606
vn -0.5412 0.7768 -0.3220
vn 0.5588 0.7855 0.2659
vn -0.0479 -0.4617 -0.8857
vn -0.4890 -0.4646 -0.7382
vn 0.2503 0.6208 0.7430
vn -0.4181 0.9077 0.0365
vn 0.8285 -0.5054 -0.2412
vn 0.9755 -0.0767 0.2061
vn -0.4904 -0.8101 -0.3214
vn -0.4598 0.8868 0.0463
vn 0.1424 0.5766 -0.8045
vn 0.7874 0.5510 -0.2763
vn 0.1658 -0.1405 -0.9761
vn 0.3016 0.8876 0.3482
vn -0.9965 -0.0828 -0.0086
vn -0.4184 -0.8228 -0.3846
vn -0.7988 -0.5735 0.1817
vn -0.2458 -0.3455 -0.9057
vn -0.6105 -0.4402 0.6584
vn 0.4731 0.8807 -0.0254
vn -0.4733 0.8766 -0.0874
vn -0.9893 0.0085 -0.1456
vn -0.9476 0.0345 0.3176
vn -0.2034 -0.2733 0.9402
vn -0.0345 -0.3439 0.9384
vn -0.8729 -0.2532 0.4170
vn -0.9027 -0.1066 0.4168
vn -0.6298 -0.0601 0.7744
vn 0.0146 0.0042 0.9999
vn 0.2373 0.0131 0.9714
vn -0.9183 0.3772 -0.1202
vn -0.5357 0.8388 -0.0975
vn -0.6710 0.0541 0.7394
vn -0.7823 -0.3500 0.5152
vn -0.4719 0.0047 0.8817
vn 0.7067 0.6647 0.2425
vn -0.7355 -0.6711 -0.0930
vn -0.0427 0.1721 0.9842
vn 0.1714 0.2474 0.9536
vt 0.402406 0.166418
vt 0.461545 0.149428
vt 0.463375 0.786207
vt 0.308861 0.510303
vt 0.480325 0.494244
vt 0.478061 1.157920
vt 0.491657 0.443796
vt 0.408420 0.118579
vt 0.790199 0.110273
vt 0.642205 0.510303
vt 0.518487 0.494244
vt 0.283031 0.149433
vt 0.349046 0.443942
vt 0.113403 0.118579
vt 0.187645 0.443796
vt 0.358729 0.443942
vt 0.227182 0.110273
vt 0.445106 0.047597
vt 0.608886 0.120668
vt 0.624095 0.623521
vt 0.689003 0.786426
vt 0.712492 0.435794
vt 0.691698 0.288069
vt 0.781976 0.722486
vt 0.627931 0.707662
vt 0.544446 0.105547
vt 0.518487 -0.505756
vt 0.349046 -0.556058
vt 0.759388 0.485492
vt 0.454569 0.730419
vt 0.396023 0.885854
vt 0.142805 1.116251
vt 0.310965 1.354335
vt 0.948749 0.666135
vt 0.821685 0.726498
vt 0.853085 0.591101
vt 0.320777 0.131849
vt 0.431594 -0.213793
vt 0.281849 -0.645665
vt 0.431594 0.786207
vt 0.567998 0.603442
vt 0.522106 0.166418
vt 0.338455 0.603442
vt 0.210432 0.792975
vt 0.142805 0.116251
vt 0.361545 0.131849
vt 0.310965 -0.645665
vt 0.243452 -0.175484
vt 0.220536 0.415020
vt 0.491556 0.792975
vt 0.338594 1.267351
vt 0.319866 0.824516
vt 0.240355 0.251576
vt 0.085380 0.378878
vt 0.210432 -0.207025
vt 0.135697 0.267351
vt 0.338594 0.267351
vt 0.484673 0.378878
vt 0.307525 0.415020
vt 0.674402 0.426790
vt 1.220536 -0.584980
vt 0.518753 0.105547
vt 0.602924 0.304691
vt 0.690892 1.392367
vt 0.886043 1.382195
vt 0.966518 0.382195
vt 0.794775 0.402524
vt 0.328046 -0.926321
vt 0.633619 0.374939
vt 0.511394 -0.796558
vt 0.799318 0.402524
vt 0.042029 0.392367
vt -0.397076 -0.695309
vt -0.539772 -0.638380
vt 0.460228 0.361620
vt 0.853901 1.374939
vt 1.042029 1.392367
vt 0.068858 0.288069
vt -0.205225 -0.597476
vt -0.033482 -0.617805
vt 1.198381 1.435794
vt 1.068858 1.288069
vt 1.245309 1.026160
vt 0.317357 0.786426
vt 0.220048 0.799618
vt 0.159298 0.722486
vt 0.115322 0.083619
vt -0.372069 0.187924
vt 0.245309 -0.057141
vt 0.655003 0.080872
vt -0.218024 -0.277514
vt 0.115322 0.012907
vt 0.710575 0.799618
vt 1.115322 1.012907
vt 0.697319 0.142998
vt 0.245309 0.026160
vt 0.697319 0.922670
vt 0.115322 1.083619
vt 0.245309 0.942859
vt 0.493410 0.235391
vt 0.627931 -0.292338
vt 0.710575 -0.200382
vt 0.710575 0.220048
vt 0.553440 0.680201
vt 0.493410 0.649386
vt 0.543870 0.679381
vt 0.461808 1.192694
vt 0.496199 1.201756
vt 0.679381 0.176124
vt 1.201756 0.548886
vt 0.680201 0.262046
vt 0.732506 0.396023
vt 0.651774 0.075218
vt 0.832009 0.080636
vt 0.513681 0.246386
vt 1.496678 -0.297779
vt 0.899298 0.496678
vt 0.356272 -0.486319
vt 0.764547 0.454569
vt 0.529101 0.832009
vt 0.361410 0.391724
vt 0.356272 0.513681
vt 0.453551 0.348428
vt 1.396023 -0.114146
vt 0.391724 0.323720
vt 0.321187 0.487779
vt 0.905366 0.709383
vt 1.167561 0.428402
vt 0.977988 0.427610
vt 0.666135 0.771246
vt 0.425834 1.099584
vt 0.428402 0.962579
vt 0.709383 0.558822
vt 0.182528 0.056450
vt -0.729750 0.256886
vt 0.091464 0.139834
vt 0.270250 0.256886
vt 1.182528 0.056450
vt 0.177544 0.425834
vt 1.043818 0.143544
vt 0.701193 0.005529
vt 0.182528 0.181983
vt 0.701193 0.594000
vt 0.043818 0.192034
vt 0.091464 0.135839
vt 0.821685 0.781468
vt 0.948749 0.771246
vt 1.173375 1.166239
vt 0.945857 0.166239
vt 0.666135 -0.228754
vt 1.121747 0.225423
vt 0.180662 0.342150
vt -0.222244 -0.386617
vt -0.273502 -0.218532
vt 0.293197 0.121747
vt 0.221911 0.180662
vt 0.173375 -0.054143
vt -0.178315 -0.273502
vt 0.380060 0.811705
vt 0.208122 0.137664
vt 0.811705 0.512170
vt 1.131865 0.762524
vt 0.121747 0.225423
vt 0.376906 0.142519
vt 0.221911 -0.819338
vt 0.380657 0.022199
vt 0.376906 0.754074
vt 0.464909 1.395940
vt 0.437973 0.762524
vt 0.131865 0.762524
vt 0.456903 1.395940
vt 0.022199 0.696788
vt 0.308861 -0.489697
vt 0.328046 0.073679
vt 0.475101 0.116251
vt 0.491657 -0.556204
vt 0.642205 -0.489697
vt 0.631119 0.328046
vt 0.522106 0.402406
vt 0.475101 0.142805
vt 0.478061 0.157920
vt 0.635319 0.120668
vt 0.481296 0.149428
vt 0.412752 0.150967
vt 0.310965 0.354335
vt 0.443246 0.158548
vt 0.388127 0.171595
vt 0.307075 0.192870
vt 0.640538 0.157920
vt 0.476513 0.149433
vt 0.367374 0.158548
vt 0.712712 0.485492
vt 0.855432 0.613383
vt 0.388127 1.171595
vt 0.443246 1.158548
vt 0.307075 1.192870
vt 0.267350 1.660677
vt 0.240355 1.251576
vt 0.544446 0.518753
vt 0.412752 0.471616
vt 0.481296 0.461545
vt 0.726498 0.781468
vt 0.471616 0.150967
vt 0.496678 0.702221
vt 0.281849 0.354335
vt 0.371743 0.192870
vt 0.198381 0.435794
vt 0.899298 0.702221
vt 0.764547 0.730419
vt 0.789804 0.426790
vt 0.267350 0.660677
vt -0.240612 1.485492
vt -0.222244 1.613383
vt 0.527534 0.660677
vt 0.491556 -0.207025
vt -0.290617 1.558822
vt 1.240355 -0.748424
vt 1.267350 -0.339323
vt 1.085380 -0.621122
vt 0.789804 1.426790
vt 0.511394 0.269102
vt 0.511394 0.203442
vt 0.388010 0.361620
vt 0.461808 0.192694
vt 0.493410 -0.350614
vt 0.553440 -0.319799
vt 0.496199 0.201756
vt 0.483609 0.304691
vt 0.966518 1.382195
vt 0.631119 0.073679
vt 0.799318 1.402524
vt 0.388010 -0.638380
vt 0.691698 1.288069
vt 0.886043 0.382195
vt 0.690892 0.392367
vt 0.712492 1.435794
vt 0.627931 1.707662
vt 0.690892 -0.607633
vt 0.252155 0.623521
vt -0.146099 -0.625061
vt 0.187924 0.707662
vt -0.146099 0.374939
vt 0.252155 1.623521
vt 1.655003 1.080872
vt -0.289425 0.220048
vt 0.543870 0.176124
vt 0.689003 -0.213574
vt 0.624095 -0.376479
vt 0.679381 1.176124
vt 0.680201 1.262046
vt 0.220048 -0.200382
vt 0.317357 -0.213574
vt 0.649386 0.235391
vt 0.252155 -0.376479
vt 0.649386 1.235391
vt -0.832439 -0.037421
vt -0.822456 0.099584
vt 1.192694 0.562309
vt 0.591101 0.806548
vt 0.075218 1.058860
vt -0.486319 1.246386
vt 0.075218 0.058860
vt -0.167991 0.080636
vt 0.496678 -0.297779
vt 0.359423 0.453551
vt 0.651774 1.075218
vt 0.732506 1.396023
vt 1.075218 0.058860
vt 0.356272 0.246386
vt 0.300726 0.487779
vt 0.359423 0.348428
vt 0.427610 0.998759
vt 0.256886 1.032879
vt 1.270250 1.032879
vt 0.977988 0.998759
vt 1.270250 0.256886
vt 1.177544 0.425834
vt -0.832439 0.428402
vt 0.293197 0.225423
vt -0.094634 -0.441178
vt -0.144568 -0.386617
vt 0.208122 0.193853
vt 1.121747 1.225423
vt 0.221911 0.342150
vt 0.376906 1.142519
vt 0.437973 1.131865
vt 0.380657 1.022199
vt -0.819338 0.342150
vt -0.878253 0.225423
vt 0.380060 -0.188295
vt 0.208122 -0.862336
vt 0.137664 0.193853
vt 1.142519 0.754074
vt 0.142519 0.754074
s 1
usemtl Material.004
f 502/1444/463 501/1445/464 503/1446/465
f 458/1447/466 457/1448/467 429/1449/468
f 424/1450/469 455/1451/470 425/1452/471
f 425/1452/472 458/1453/466 424/1450/469
f 457/1454/467 451/1455/473 456/1456/474
f 455/1457/470 424/1458/469 456/1459/474
f 458/1447/466 425/1460/472 449/1461/475
f 451/1455/473 457/1454/467 452/1462/476
f 476/1463/477 450/1464/478 505/1465/479
f 453/1466/480 431/1467/481 432/1468/482
f 468/1469/483 457/1470/467 456/1471/474
f 446/1472/484 481/1473/485 482/1474/486
f 456/1459/474 442/1475/487 459/1476/488
f 426/1477/489 439/1478/490 435/1479/491
f 460/1480/492 503/1481/465 459/1482/488
f 503/1483/465 463/1484/493 502/1485/463
f 463/1486/493 427/1487/494 442/1488/487
f 460/1489/492 459/1490/488 461/1491/495
f 460/1489/492 461/1491/495 462/1492/496
f 427/1493/494 464/1494/497 461/1495/495
f 428/1496/498 466/1497/499 427/1498/494
f 462/1492/496 461/1491/495 464/1499/497
f 464/1500/497 466/1501/499 462/1502/496
f 447/1503/500 446/1472/484 462/1504/496
f 468/1505/483 501/1445/501 467/1506/502
f 468/1469/483 504/1507/503 471/1508/504
f 471/1509/505 472/1510/506 423/1511/507
f 430/1512/508 469/1513/509 472/1514/506
f 504/1515/503 467/1516/502 470/1517/510
f 470/1518/511 430/1519/508 504/1520/503
f 453/1521/480 472/1522/506 471/1523/505
f 471/1509/504 505/1524/479 453/1525/480
f 431/1467/481 474/1526/512 432/1468/482
f 450/1527/478 454/1528/513 431/1529/481
f 475/1530/514 432/1531/482 474/1532/512
f 473/1533/515 431/1534/481 475/1535/514
f 431/1467/481 454/1536/513 475/1537/514
f 473/1533/515 448/1538/516 474/1539/512
f 448/1540/516 475/1541/514 474/1542/512
f 448/1538/516 473/1533/515 475/1535/514
f 479/1543/517 432/1544/482 454/1545/513
f 454/1546/513 478/1547/518 479/1548/517
f 477/1549/519 506/1550/520 480/1551/521
f 477/1552/519 480/1553/521 478/1554/518
f 482/1555/486 483/1556/522 435/1479/491
f 433/1557/523 507/1558/524 486/1559/525
f 486/1560/525 507/1561/524 481/1562/485
f 433/1563/523 484/1564/526 507/1565/524
f 507/1558/524 434/1566/527 482/1567/486
f 433/1557/523 434/1566/527 484/1568/526
f 484/1568/526 434/1566/527 497/1569/528
f 486/1560/525 491/1570/529 485/1571/530
f 436/1572/531 426/1477/489 435/1479/491
f 426/1573/489 488/1574/532 485/1575/530
f 485/1575/530 491/1576/529 426/1573/489
f 487/1577/533 438/1578/534 437/1579/535
f 438/1580/534 487/1581/533 488/1582/532
f 488/1582/532 487/1581/533 489/1583/536
f 437/1579/535 498/1584/537 487/1577/533
f 487/1585/533 498/1586/537 489/1587/536
f 498/1586/537 437/1588/535 489/1587/536
f 439/1589/490 426/1590/489 492/1591/538
f 492/1592/538 426/1593/489 494/1594/539
f 493/1595/540 508/1596/541 439/1597/490
f 494/1598/539 493/1599/540 492/1600/538
f 493/1599/540 439/1601/490 492/1600/538
f 496/1602/542 494/1598/539 490/1603/543
f 496/1604/542 495/1605/544 494/1606/539
f 441/1607/545 493/1608/540 440/1609/546
f 441/1610/545 499/1611/547 495/1612/544
f 495/1613/544 499/1614/547 440/1615/546
f 463/1486/493 442/1488/487 502/1444/463
f 442/1488/487 458/1616/466 423/1617/507
f 442/1618/487 424/1619/469 458/1620/466
f 423/1621/507 502/1622/463 442/1623/487
f 423/1617/507 458/1616/466 429/1624/468
f 458/1447/466 449/1461/475 452/1625/476 457/1448/467
f 503/1483/465 501/1626/548 443/1627/549
f 459/1628/488 444/1629/550 445/1630/551
f 459/1628/488 445/1630/551 500/1631/552
f 424/1458/469 442/1475/487 456/1459/474
f 429/1632/468 457/1470/467 468/1469/483
f 456/1459/474 451/1633/473 455/1457/470
f 443/1627/553 468/1469/483 456/1471/474 444/1634/554
f 446/1635/484 439/1589/490 508/1636/541
f 456/1459/474 445/1637/555 444/1638/554
f 456/1459/474 500/1639/556 445/1637/555
f 463/1486/493 503/1446/465 465/1640/557 428/1641/498
f 468/1642/483 443/1643/558 501/1644/501
f 439/1645/490 446/1472/484 482/1474/486
f 444/1629/559 459/1628/488 503/1446/465 443/1646/549
f 486/1647/525 447/1503/500 491/1576/529
f 459/1648/488 500/1649/552 456/1471/474
f 431/1529/481 453/1521/480 505/1650/479
f 486/1651/525 481/1652/485 447/1653/500
f 431/1529/481 505/1650/479 450/1527/478
f 439/1478/490 482/1555/486 435/1479/491
f 442/1618/487 461/1495/495 459/1648/488
f 442/1618/487 427/1493/494 461/1495/495
f 465/1654/557 462/1492/496 446/1655/484 508/1656/541
f 427/1487/494 463/1486/493 428/1641/498
f 465/1657/557 503/1481/465 460/1480/492
f 464/1500/497 427/1658/494 466/1501/499
f 462/1502/496 465/1657/557 460/1480/492
f 428/1496/498 491/1659/529 466/1497/499
f 443/1646/560 444/1629/561 470/1518/510 467/1506/502
f 465/1654/557 508/1656/541 491/1659/529
f 491/1576/529 428/1660/498 465/1661/557
f 447/1503/500 466/1662/499 491/1576/529
f 462/1502/496 466/1501/499 447/1663/500
f 447/1503/500 481/1473/485 446/1472/484
f 423/1621/507 469/1664/509 502/1622/463
f 469/1665/509 470/1666/511 500/1649/562
f 506/1667/520 479/1668/517 478/1669/518 480/1670/521
f 467/1671/502 501/1626/563 443/1627/560
f 444/1629/561 445/1630/564 470/1518/510
f 445/1630/564 500/1631/565 470/1518/510
f 468/1469/483 471/1508/504 429/1632/468
f 423/1617/507 429/1624/468 471/1672/505
f 468/1469/483 467/1671/502 504/1507/503
f 423/1673/507 472/1674/506 469/1665/509
f 430/1512/508 470/1675/511 469/1513/509
f 472/1514/506 453/1676/480 430/1512/508
f 471/1677/504 504/1678/503 505/1679/479
f 430/1512/508 453/1676/480 432/1680/482
f 476/1463/477 505/1465/479 504/1681/503
f 476/1682/477 430/1683/508 432/1684/482
f 504/1515/503 430/1685/508 476/1686/477
f 431/1467/481 473/1687/515 474/1526/512
f 475/1530/514 454/1688/513 432/1531/482
f 477/1689/519 450/1690/478 476/1691/477
f 450/1527/478 477/1692/519 478/1693/518
f 478/1554/518 454/1694/513 450/1695/478
f 479/1696/517 477/1552/519 476/1697/477
f 476/1682/477 432/1684/482 479/1698/517
f 489/1587/536 437/1588/535 485/1699/530 488/1700/532
f 479/1696/517 506/1701/520 477/1552/519
f 486/1647/525 435/1702/491 483/1703/522
f 481/1473/485 507/1704/524 482/1474/486
f 483/1705/522 433/1706/523 486/1707/525
f 434/1708/527 483/1709/522 482/1710/486
f 433/1557/523 483/1711/522 434/1566/527
f 507/1558/524 484/1568/526 497/1569/528
f 507/1712/524 497/1713/528 434/1714/527
f 486/1647/525 436/1715/531 435/1702/491
f 486/1647/525 485/1575/530 438/1716/534
f 486/1651/525 438/1717/534 436/1718/531
f 436/1572/531 438/1719/534 488/1720/532
f 436/1572/531 488/1720/532 426/1477/489
f 437/1579/535 438/1578/534 485/1721/530
f 494/1722/539 491/1723/529 508/1724/541 490/1725/543
f 491/1576/529 494/1726/539 426/1573/489
f 493/1727/540 490/1725/543 508/1724/541
f 496/1602/542 441/1728/545 495/1729/544
f 494/1598/539 495/1729/544 440/1730/546
f 440/1615/546 493/1731/540 494/1732/539
f 441/1607/545 496/1733/542 490/1734/543
f 490/1735/543 493/1595/540 441/1736/545
f 441/1737/545 440/1615/546 499/1614/547
o Tree3
v 7.251997 1.845521 7.562964
v 8.202535 0.743417 7.121299
v 7.312490 8.457719 7.939395
v 5.362690 -0.180129 6.622421
v 8.915935 -0.186311 6.597271
v 6.742223 -0.183818 5.216380
v 5.566816 -0.251473 8.057611
v 7.534771 8.037000 8.033808
v 7.460167 7.574479 7.062423
v 8.121251 9.765695 9.888528
v 7.281337 7.210772 7.327366
v 7.120862 5.318235 7.631592
v 7.421293 6.151959 7.711230
v 7.322135 11.606208 7.732167
v 7.919688 12.801982 8.008101
v 7.316796 12.503239 7.463697
v 6.919374 12.994846 7.170279
v 8.191818 9.695467 9.773225
v 7.945302 10.437367 9.900837
v 4.049482 8.999386 7.590087
v 3.471573 9.934596 8.136405
v 7.244738 7.614792 6.971054
v 7.680219 7.839783 6.710583
v 8.482516 8.386580 4.678050
v 8.321560 10.154763 3.273098
v 8.346337 10.716537 3.199911
v 6.960835 7.251659 7.633990
v 7.263856 7.190845 7.645960
v 7.422111 7.967630 7.195096
v 6.723315 8.248688 7.794511
v 7.312983 8.218985 8.320494
v 7.463381 12.192612 7.544240
v 7.710186 12.397080 7.847329
v 7.209696 12.491972 7.542213
v 7.383425 12.602454 7.643874
v 7.917573 9.451262 9.539997
v 8.049740 9.242402 9.486374
v 8.131046 9.766008 9.824607
v 4.480859 9.017756 7.607545
v 3.699358 9.295823 7.606046
v 4.065349 9.419165 7.544333
v 3.860908 9.387819 7.811707
v 6.755543 -0.245980 8.816366
v 8.071476 9.767180 9.693381
v 6.439347 14.291274 7.004137
v 2.414111 12.016875 8.537831
v 8.774654 -0.232597 7.821397
v 7.363509 0.741779 8.070497
v 6.028023 0.632028 7.309445
v 5.754747 -0.229115 5.768993
v 6.439673 0.604400 6.087596
v 7.376268 0.637926 5.945179
v 8.228510 -0.220013 5.522514
v 8.268764 -0.174982 8.497860
v 6.660250 1.907043 7.367790
v 6.695377 1.664098 6.579380
v 7.620301 1.623133 6.656063
v 7.658724 1.725700 7.270536
v 7.512257 3.593807 7.313698
v 7.010657 3.121825 7.606999
v 6.834618 3.782954 7.559382
v 6.764830 3.586810 7.120889
v 6.990726 2.913748 6.726430
v 7.576017 5.286743 7.911398
v 7.414900 3.762210 7.062656
v 7.341700 5.228330 7.292912
v 7.129531 6.080297 7.289922
v 7.251865 5.372219 7.865805
v 7.354335 9.011589 7.690703
v 6.973405 8.633549 7.424013
v 6.414264 8.416104 7.556621
v 7.296805 8.495571 7.408759
v 7.135027 9.824300 7.652572
v 7.498128 11.744983 7.636347
v 7.301696 11.720432 7.510843
v 7.491779 10.396826 7.478660
v 7.535531 12.612327 7.648921
v 8.069829 12.941739 7.978332
v 8.217283 12.953732 8.213964
v 8.377586 13.047481 8.135658
v 9.014083 13.867820 8.574067
v 9.587067 14.250063 8.776035
v 9.474665 14.298252 8.737814
v 8.820322 13.955750 8.660899
v 8.904848 13.978365 8.484217
v 9.553606 14.303714 8.639617
v 6.436071 14.080331 7.007568
v 6.915123 13.400704 7.063507
v 7.545507 8.479470 8.246774
v 7.926309 9.243030 9.555688
v 8.148455 9.795245 9.731707
v 8.008569 9.731182 9.795680
v 7.792672 10.826267 10.098473
v 7.716425 10.913298 10.051651
v 5.546079 8.390831 7.387996
v 6.318834 8.063605 7.318828
v 5.443489 8.744902 7.303884
v 5.606139 8.469460 7.591426
v 3.777512 9.530316 7.588582
v 3.315138 9.817225 8.231677
v 3.976223 10.893456 6.663261
v 4.187983 9.275600 7.181598
v 4.221945 9.436501 7.412307
v 3.895695 9.595133 7.326262
v 4.164227 11.775044 6.308248
v 4.057052 11.218939 6.465282
v 4.158157 11.051682 6.700405
v 4.009962 11.048267 6.729040
v 4.043110 12.256214 6.161342
v 3.368079 9.923411 7.976244
v 3.218258 9.881946 8.033940
v 3.057253 10.718984 8.221972
v 2.710496 11.669744 8.201575
v 7.229102 7.861670 7.032196
v 8.141230 7.771326 5.363825
v 8.050431 8.148946 5.290647
v 8.336612 7.854820 5.603097
v 8.427921 9.555814 3.602515
v 8.415690 8.632136 4.816874
v 8.312695 9.589582 3.744359
v 8.302629 9.396309 3.763378
v 8.461523 9.690495 3.661173
v 8.334708 10.769701 3.270156
v 9.895383 14.822441 8.778387
v 8.358801 10.447986 10.066133
v 8.366469 10.471451 9.992985
v 4.060735 12.343668 6.274058
v 2.558031 11.947537 8.462637
v 6.489847 0.748327 7.910987
v 7.435808 2.340592 6.608328
v 7.368309 3.119409 7.543842
v 7.741441 5.433813 7.733215
v 7.642038 5.613468 7.355881
v 6.967590 7.279027 7.353304
v 6.935700 8.587095 7.685057
v 7.474517 10.325170 7.713809
v 7.129441 12.886944 7.371549
v 7.312247 8.438041 8.243467
v 6.416260 8.001191 7.615118
v 4.334796 8.884480 7.286969
v 4.400479 9.124657 7.315407
v 3.933472 9.356998 7.187822
v 3.238650 10.819504 8.045002
v 7.858168 7.577355 6.084239
v 7.885427 7.892374 5.610526
v 8.112550 8.055808 5.687239
vn -0.8989 0.2134 -0.3826
vn -0.8152 0.2571 0.5190
vn -0.8323 0.0565 0.5514
vn 0.8041 0.2975 -0.5147
vn 0.4851 0.2569 -0.8359
vn 0.9998 -0.0188 0.0074
vn 0.7249 -0.6870 -0.0514
vn 0.6825 -0.2950 -0.6687
vn -0.6564 -0.4549 -0.6018
vn -0.4654 -0.5575 -0.6874
vn -0.3764 -0.3891 0.8408
vn -0.6472 0.7215 0.2460
vn -0.4698 0.3784 0.7975
vn -0.5946 -0.5590 0.5779
vn -0.6194 0.3793 -0.6874
vn -0.2567 0.2630 -0.9300
vn 0.2015 0.1995 0.9590
vn 0.5454 -0.0483 0.8368
vn -0.1664 -0.0776 0.9830
vn 0.8789 0.3135 0.3596
vn -0.6894 -0.4172 0.5921
vn 0.9440 0.3107 -0.1109
vn 0.8445 0.5356 0.0069
vn 0.4653 0.6222 -0.6295
vn 0.0487 0.5528 -0.8319
vn 0.4976 0.6489 -0.5756
vn 0.0483 0.8077 0.5876
vn 0.1822 -0.1366 -0.9737
vn 0.5924 -0.0497 -0.8041
vn -0.7147 0.0780 -0.6951
vn -0.7992 0.5585 0.2221
vn -0.4373 0.5597 -0.7039
vn -0.6610 0.6024 -0.4475
vn 0.0726 0.5525 0.8303
vn 0.7184 0.6655 -0.2027
vn 0.7111 0.6343 0.3032
vn 0.7152 0.5968 0.3638
vn -0.9294 -0.2600 0.2618
vn -0.1312 0.6451 -0.7527
vn -0.7661 0.5984 0.2344
vn -0.7992 0.5585 0.2220
vn -0.8162 0.5645 0.1231
vn -0.6610 0.6024 -0.4474
vn -0.6582 0.6712 -0.3409
vn -0.1632 0.5828 0.7961
vn -0.4650 0.5411 0.7007
vn -0.4586 0.5282 0.7146
vn -0.4539 0.4022 0.7951
vn -0.8518 -0.4756 -0.2194
vn -0.3180 0.7703 -0.5527
vn -0.9128 0.3707 0.1715
vn -0.6246 -0.3309 -0.7074
vn 0.7121 0.5659 -0.4154
vn 0.9331 -0.2477 0.2606
vn -0.2707 -0.6584 -0.7023
vn -0.0153 -0.3375 0.9412
vn -0.3648 -0.5365 0.7610
vn 0.8142 -0.5367 0.2216
vn 0.5901 -0.0162 0.8072
vn 0.3266 0.4333 0.8400
vn 0.4826 0.6515 0.5853
vn -0.4296 -0.8268 0.3630
vn -0.9432 -0.0854 0.3212
vn -0.8240 0.5446 -0.1562
vn 0.6506 -0.2133 0.7288
vn 0.4210 -0.0756 -0.9039
vn 0.0544 0.4868 -0.8718
vn 0.9581 -0.2756 -0.0779
vn -0.3789 0.1368 -0.9153
vn 0.3840 -0.0240 0.9230
vn -0.4889 0.0514 0.8708
vn -0.9988 0.0471 0.0150
vn 0.9467 0.1140 0.3014
vn 0.7087 0.1110 -0.6967
vn -0.5725 -0.0592 -0.8178
vn 0.6671 0.2397 0.7053
vn 0.7472 0.1655 -0.6437
vn 0.7125 0.0615 0.6990
vn -0.6996 0.0577 0.7122
vn -0.5546 0.5671 0.6089
vn -0.4506 0.4360 -0.7790
vn -0.0777 0.9936 -0.0817
vn 0.6389 0.2453 -0.7291
vn 0.7529 -0.0106 -0.6581
vn 0.6427 -0.0548 0.7641
vn 0.9654 -0.1577 0.2077
vn -0.4854 0.0216 0.8740
vn -0.6769 0.3708 0.6358
vn -0.1737 0.6174 -0.7672
vn 0.3442 0.6187 -0.7062
vn 0.8364 -0.5393 -0.0978
vn 0.7946 -0.4714 -0.3825
vn 0.0335 -0.5463 0.8369
vn -0.5649 0.3563 0.7442
vn -0.1231 0.5929 -0.7958
vn 0.6292 -0.7766 0.0316
vn 0.5669 -0.5363 0.6253
vn -0.5290 0.6907 0.4931
vn 0.2597 0.0645 -0.9635
vn 0.5492 0.8303 0.0946
vn -0.5076 -0.5498 -0.6633
vn 0.6313 0.5353 0.5613
vn 0.6349 0.1930 -0.7481
vn -0.9617 -0.0611 -0.2673
vn -0.2951 0.9496 -0.1054
vn -0.0256 -0.0982 -0.9948
vn 0.3141 0.9149 -0.2534
vn 0.2161 0.6039 0.7672
vn 0.8395 -0.5353 -0.0932
vn 0.5989 0.3760 -0.7071
vn 0.2978 0.4542 0.8397
vn -0.4522 0.8913 0.0312
vn -0.4733 -0.3140 -0.8230
vn -0.3576 -0.8443 -0.3991
vn 0.2310 0.6323 -0.7395
vn -0.2118 -0.4255 0.8798
vn 0.6299 0.4735 -0.6157
vn -0.2766 -0.4302 0.8593
vn 0.8321 0.3429 0.4359
vn -0.8837 -0.3048 -0.3552
vn -0.9659 -0.0343 -0.2566
vn 0.0147 -0.3610 -0.9324
vn 0.9033 0.2029 0.3780
vn 0.8492 0.4270 0.3107
vn -0.5606 0.3460 0.7524
vn -0.0010 0.9883 0.1522
vn 0.8473 -0.0870 -0.5239
vn -0.1753 0.5098 -0.8423
vn 0.7333 0.3831 -0.5616
vn 0.0510 0.4251 -0.9037
vn -0.2583 -0.2926 0.9207
vn 0.0314 0.4809 -0.8762
vn -0.5907 0.6908 0.4170
vn 0.5703 0.8109 0.1311
vn 0.9250 -0.2900 0.2456
vn 0.7055 0.5348 0.4650
vn 0.0084 -0.9909 -0.1340
vn -0.3339 0.6693 -0.6638
vn 0.1123 0.9139 0.3901
vn -0.9119 0.0962 -0.3990
vn -0.0909 -0.8484 -0.5215
vn 0.7287 -0.5142 -0.4524
vn 0.5153 0.6523 0.5558
vn -0.9468 0.3099 -0.0867
vn 0.4532 -0.4703 -0.7573
vn -0.9273 -0.2404 -0.2869
vn 0.9005 0.2153 0.3777
vn -0.4857 0.1813 0.8551
vn -0.2365 -0.2083 -0.9490
vn -0.0805 0.9898 0.1176
vn 0.0723 0.5370 -0.8405
vn -0.8063 0.5847 0.0896
vn 0.1706 0.5497 0.8178
vn -0.4114 0.6002 -0.6859
vn -0.7660 0.5985 0.2345
vt 0.939555 0.293405
vt 0.816105 -0.546478
vt 0.720309 0.391477
vt 0.171968 0.311567
vt 0.195836 0.670296
vt -0.156849 1.296904
vt 0.230083 0.287239
vt 0.140668 0.105386
vt -0.016205 0.139513
vt 0.983795 0.823347
vt 1.122369 1.014472
vt 1.230083 0.968788
vt 0.156491 0.609492
vt 0.156124 0.719020
vt -0.138342 0.624344
vt 0.861658 0.624344
vt 0.708130 0.500596
vt 1.156491 0.609492
vt 0.217904 0.670296
vt -0.152312 0.332049
vt -0.004637 0.956874
vt 0.816105 0.453522
vt 0.939555 1.293405
vt 1.210310 0.332049
vt 0.125998 0.422760
vt 0.184155 1.059705
vt 0.005329 1.060912
vt 0.329362 0.362850
vt -0.169875 0.453522
vt -0.291870 0.500596
vt -0.019583 0.125830
vt -0.135268 0.362850
vt -0.060649 -0.128291
vt 0.939351 0.871709
vt 1.738743 0.389993
vt 1.171968 1.311567
vt 0.188134 0.818963
vt 0.310150 1.311567
vt 0.614255 0.389993
vt 0.156124 0.378266
vt 0.272754 0.376613
vt 0.156245 0.530302
vt 0.158398 0.751619
vt 0.231690 0.596306
vt 0.150848 0.360216
vt 0.845278 -0.183986
vt 0.456202 0.802200
vt 0.188790 0.409935
vt 0.210310 1.332049
vt 0.181755 0.870890
vt 0.329362 1.362850
vt 0.125998 1.422760
vt 0.957967 0.201364
vt 0.614255 0.738743
vt 0.601267 -0.060649
vt 0.589302 0.383701
vt 1.201364 0.406844
vt 0.601267 0.939351
vt 0.634382 0.251070
vt 0.887327 0.589302
vt 0.104848 0.745986
vt 0.871111 0.891810
vt 0.719837 0.456202
vt 1.188134 0.527411
vt 0.871111 0.408091
vt 1.188134 0.818963
vt 1.614255 0.389993
vt 0.471194 0.374264
vt 0.845278 0.816014
vt 1.188790 0.409935
vt 0.181345 0.188790
vt 0.377374 0.615504
vt 0.877772 0.377010
vt 0.744923 0.874164
vt 0.283408 0.374264
vt 0.191712 0.801227
vt 0.696976 0.147912
vt 0.705708 0.265158
vt 0.836869 0.297566
vt 0.906088 0.178499
vt 0.968788 0.287239
vt 0.902452 0.483815
vt 0.483095 0.518500
vt 0.856515 -0.057760
vt 0.560626 0.382847
vt 0.463154 0.121515
vt 0.524870 0.121201
vt 0.430454 0.594146
vt 0.740429 0.696227
vt 0.532675 0.727833
vt 0.430454 0.193910
vt 0.524741 -0.000307
vt 0.740429 0.008878
vt 0.602159 0.365591
vt 0.730000 0.225631
vt 0.722156 0.121515
vt 0.504284 0.365591
vt 0.677020 0.095422
vt 0.836316 0.105386
vt 0.667398 0.942240
vt 0.466736 1.178499
vt 0.593991 1.137800
vt 0.535738 0.383590
vt 0.595909 0.347733
vt 0.458786 0.225631
vt 0.882415 0.293405
vt 1.170850 1.114165
vt 0.995363 -0.043126
vt 0.005329 0.060912
vt 0.184155 0.059705
vt 0.288009 1.143371
vt 0.125933 0.186110
vt 0.005329 -0.939088
vt 0.288009 0.143371
vt 0.853544 0.114165
vt 0.939555 -0.706595
vt 0.684204 0.159118
vt 0.633392 0.216907
vt 0.544301 0.143371
vt 0.843151 -0.703096
vt 0.843151 0.296904
vt 0.968672 0.381105
vt 0.633392 1.216907
vt 0.855038 0.540148
vt 0.210647 0.575979
vt 0.644384 0.575979
vt 0.822059 0.306734
vt 0.131928 1.095422
vt -0.019583 1.125830
vt 0.980417 0.125830
vt 1.125933 -0.813890
vt 1.210647 -0.424021
vt 0.567097 0.186110
vt 0.683004 1.125830
vt 0.683004 0.125830
vt 0.855038 -0.459852
vt 0.684204 -0.840882
vt 0.983795 0.139513
vt 1.140668 0.105386
vt 1.064765 -0.459852
vt 0.064765 0.540148
vt 0.140668 1.105386
vt 0.321019 0.306734
vt 0.177168 0.005795
vt 0.067513 0.412150
vt -0.032150 -0.206452
vt 0.986703 0.787993
vt 0.707132 0.721689
vt 0.967850 0.657471
vt 0.148403 0.747786
vt 0.211055 0.483815
vt -0.013297 0.816774
vt 0.795620 0.747786
vt 0.654648 1.005795
vt 0.156245 -0.271141
vt 0.267385 -0.481500
vt 0.673713 0.412150
vt 0.744577 1.360216
vt 0.787993 -0.183226
vt 0.787993 0.816774
vt 0.657471 0.793548
vt 0.673713 1.412150
vt 0.245890 -0.301587
vt 0.148403 -1.252214
vt 0.643095 0.662585
vt 0.760669 0.698413
vt 0.681826 1.372491
vt 0.161067 0.303104
vt 0.237259 -0.337415
vt 0.249064 0.372491
vt 0.633916 0.303104
vt 0.744577 0.360216
vt 0.673713 -0.587850
vt 0.459844 0.495949
vt 0.534914 0.510833
vt 0.267766 0.675538
vt 0.355093 0.576335
vt 0.688793 0.432170
vt 0.608642 0.393017
vt 0.355093 0.698540
vt 0.608642 0.976866
vt 0.910161 1.477875
vt 0.910161 0.477875
vt 0.459844 -0.099009
vt 0.355093 -0.301460
vt 0.534914 0.970870
vt 0.688793 1.023740
vt 0.688793 0.023740
vt 0.952424 0.489182
vt 1.007041 0.433910
vt 0.608642 -0.023134
vt 0.169549 0.477875
vt 0.257891 0.489182
vt 0.510833 -0.029130
vt 0.293533 0.625031
vt 0.237332 0.649126
vt -0.089839 0.477875
vt 0.952424 0.257891
vt 0.910161 0.169549
vt 1.237332 0.131092
vt 0.276803 0.651857
vt 0.007041 0.433910
vt -0.047576 0.489182
vt 0.276803 0.180191
vt 0.293533 0.111981
vt 0.007041 0.212965
vt 0.447691 0.911221
vt 0.104848 0.728893
vt -0.040313 0.914860
vt 0.158398 0.768150
vt 0.064720 0.943472
vt 0.959687 0.997423
vt 0.957561 1.200352
vt 1.158398 0.751619
vt 0.996215 0.540165
vt 0.914860 -0.002577
vt 0.728893 -0.254014
vt 0.718036 0.540165
vt 0.719674 0.645637
vt 0.957561 0.200352
vt 0.959687 -0.002577
vt 1.064720 -0.056528
vt 0.814225 0.943472
vt 0.968246 1.200352
vt 0.997931 1.645637
vt 0.524870 0.756812
vt 0.463154 0.722156
vt 0.156491 1.339752
vt 0.156491 0.339752
vt 0.267385 0.483095
vt 0.524870 -0.243188
vt 1.378266 -0.280980
vt 0.634146 0.397623
vt 0.503507 0.735725
vt 0.613387 0.347733
vt 0.555736 0.382847
vt 0.466933 0.723993
vt 0.587696 0.383004
vt 0.549581 0.718684
vt 0.450763 0.913134
vt 0.474174 0.956649
vt 0.659417 0.840585
vt 0.708130 0.692441
vt 0.273040 0.806001
vt 0.221745 0.872451
vt 0.707132 0.708052
vt 0.659417 0.531802
vt 0.303069 0.734730
vt 0.861658 0.602744
vt 0.303069 0.704287
vt 0.700240 0.062328
vt 1.221745 -0.127549
vt 0.667398 -0.057760
vt 0.524741 0.999693
vt 0.430454 1.193910
vt 0.157569 1.408613
vt 0.594146 0.193910
vt 0.727833 0.209582
vt 0.431797 0.467298
vt 0.109129 0.483029
vt 0.524741 0.704956
vt 0.157569 0.384161
vt 1.168368 0.946728
vt 1.267358 1.109469
vt 0.593991 0.137800
vt 0.466736 0.178499
vt 0.528526 1.109469
vt 0.909200 0.137800
vt 1.149796 1.025841
vt 0.793846 0.218250
vt 0.532675 0.209582
vt 0.579079 1.025841
vt 0.504981 1.024134
vt 0.504981 0.024134
vt 0.579079 0.025841
vt 0.530368 0.671834
vt 0.168368 0.946728
vt 0.135479 1.024134
vt 0.362970 1.671834
vt 0.582114 0.387522
vt 0.528526 0.109469
vt 0.521555 0.628107
vt 0.419328 0.628107
vt 0.267358 0.109469
vt 0.168368 -0.053272
vt 0.419328 1.628107
vt 0.477498 0.909752
vt 0.511877 0.461706
vt 0.028626 0.859492
vt 0.157569 0.408613
vt 0.235786 0.467298
vt 0.399212 0.334872
vt 0.483029 -0.559027
vt 0.231084 0.508438
vt 0.399212 1.334872
vt 0.268681 1.473769
vt 1.698451 0.427410
vt 1.144708 0.419891
vt 0.668306 0.698451
vt 0.230083 -0.031212
vt 0.429084 0.457880
vt 0.114551 0.983902
vt 0.340110 1.144708
vt 0.556275 1.656380
vt 0.694736 0.446187
vt 0.457880 0.288677
vt 0.014472 0.307396
vt 0.570615 0.818087
vt 0.741258 1.160975
vt 0.160975 0.693290
vt 0.091563 0.816068
vt -0.301549 0.427410
vt 0.707845 0.091563
vt 0.525216 -0.145324
vt 0.556275 -0.343620
vt 0.818087 0.385663
vt 0.854676 0.574473
vt 0.713961 0.277907
vt 0.741258 -0.306710
vt 0.651314 0.198155
vt 0.698742 1.277907
vt 0.669413 1.345248
vt 0.669413 0.345248
vt 0.091563 -0.183932
vt 0.160975 -0.306710
vt 0.618310 0.198155
vt 1.618310 1.198155
vt 0.627820 0.294792
vt 0.863450 0.577382
vt 0.864921 0.884851
vt 0.900044 0.858269
vt 0.535738 0.653308
vt 0.565523 0.587696
vt 0.595909 0.613387
vt 1.195836 -0.329704
vt 0.728079 0.059705
vt 0.864732 -0.637150
vt 0.995363 0.956874
vt 1.207450 1.381105
vt 1.217904 0.670296
vt 0.917309 0.391477
vt 0.830125 -0.546478
vt 1.005329 0.060912
vt 0.864732 0.362850
vt 1.171968 0.311567
vt 0.843151 1.296904
vt -0.340583 0.840585
vt 0.211055 0.902452
vt 0.267766 0.806163
vt 0.847688 0.332049
vt 0.882415 1.293405
vt 0.131928 0.095422
vt 0.267385 0.518500
vt 0.251070 -0.587491
vt 0.939351 -0.128291
vt 0.830125 0.453522
vt 0.744923 -0.125836
vt 1.181755 -0.129110
vt 1.125998 0.422760
vt 0.527411 0.818963
vt 0.195836 1.670296
vt 0.171968 1.311567
vt 0.156245 0.728859
vt -0.032150 0.793548
vt -0.138342 0.602744
vt 0.122369 0.307396
vt -0.340583 0.531802
vt 0.114551 0.430835
vt 1.122369 0.307396
vt 0.459844 0.900991
vt 0.544507 0.874164
vt 0.816105 1.453522
vt 1.210310 1.332049
vt 0.644384 -0.424021
vt 0.822059 -0.693266
vt 0.634382 0.412509
vt 0.377374 0.385443
vt 0.719837 0.802200
vt 0.283408 0.471194
vt 0.744923 0.544507
vt 0.514012 0.845278
vt 1.634382 0.412509
vt 1.181755 0.870890
vt 0.576335 0.698540
vt 0.681826 0.372491
vt 0.727879 0.596306
vt 0.504284 0.602159
vt 0.574227 0.634146
vt 0.349679 0.696976
vt 0.667398 0.856515
vt 0.653308 0.383590
vt 0.840585 0.531802
vt 0.823347 0.139513
vt 0.692441 0.500596
vt 0.842296 0.062328
vt 0.696227 0.008878
vt 0.610973 0.218250
vt 0.125933 1.186110
vt -0.082691 0.391477
vt 0.544301 1.143371
vt 0.720309 -0.608523
vt 1.170850 2.114165
vt 0.968672 -0.618895
vt 0.170850 0.114165
vt 0.207450 -0.618895
vt 0.370720 0.216907
vt 0.067513 -0.587850
vt 0.177168 -0.994205
vt 0.177168 1.005795
vt 0.986703 0.816774
vt 0.967850 0.793548
vt 0.530302 0.728859
vt 0.376613 0.739735
vt 0.272754 1.376613
vt 0.156124 1.378266
vt 0.458786 0.730000
vt 0.150848 2.360216
vt 0.654648 0.005795
vt 0.795620 -0.252214
vt 0.760669 -0.301587
vt 0.678062 0.801227
vt 0.432170 1.023740
vt 0.495949 0.900991
vt 0.191712 0.678062
vt 0.952424 1.489182
vt 0.169549 1.477875
vt 0.510833 0.970870
vt -0.391358 0.393017
vt -0.311207 0.432170
vt 1.188134 -0.181037
vt 0.719837 -0.197800
vt 0.237332 0.131092
vt -0.047576 0.257891
vt 0.180191 0.651857
vt 0.131092 0.649126
vt 0.110806 0.911221
vt 0.111981 0.625031
vt 0.768150 0.751619
vt -0.281964 1.540165
vt 1.339752 -0.390508
vt 1.221745 0.872451
vt 1.659417 0.531802
vt 1.273040 0.695415
vt -0.386613 1.347733
vt -0.243188 1.121201
vt 0.756812 0.121201
vt 1.483095 -0.481500
vt 1.376613 -0.260265
vt 0.679400 0.723993
vt 0.683235 0.735725
vt 0.574227 0.397623
vt 0.565523 0.383004
vt 0.396336 0.913134
vt 0.358212 0.956649
vt 0.472651 0.718684
vt 0.221745 0.848058
vt -0.299760 0.842296
vt -0.259571 0.696227
vt 1.273040 0.806001
vt -0.475259 0.704956
vt 0.235786 0.431797
vt 0.388756 0.705708
vt 0.184040 0.511877
vt 1.303069 -0.265270
vt 1.707132 -0.291948
vt 0.349679 0.147912
vt 0.109129 0.440973
vt 0.184040 0.461706
vt 0.388756 0.265158
vt 0.447847 0.836869
vt 0.447847 -0.702434
vt 0.532675 -0.790418
vt -0.163131 0.297566
vt 0.345875 0.387522
vt 0.149796 0.025841
vt 0.362970 0.671834
vt 0.119325 0.909752
vt 0.389013 0.859492
vt 0.483029 0.440973
vt 0.384161 0.408613
vt -0.144752 1.334872
vt 0.707056 0.508438
vt 1.109129 -0.559027
vt 1.028626 -0.140508
vt 0.779015 0.473769
vt -0.220985 1.473769
vt 0.855248 0.334872
vt 0.230083 0.968788
vt 0.122369 1.014472
vt 0.429084 1.457880
vt 0.144708 0.419891
vt -0.097548 0.483815
vt -0.031212 0.287239
vt 0.556275 0.656380
vt 0.442714 0.694736
vt 0.114551 -0.016098
vt -0.016098 0.430835
vt 0.698451 0.427410
vt 0.656380 0.527905
vt 0.525216 0.854676
vt 1.091563 0.816068
vt 0.651314 0.618310
vt 0.570615 -0.614337
vt 0.730762 0.345248
vt 0.656347 0.294792
vt 0.660780 0.577382
vt 0.698742 0.277907
vt 0.667354 0.884851
s 1
usemtl Material.003
f 570/1738/566 563/1739/567 569/1740/568
f 565/1741/569 638/1742/570 567/1743/571
f 517/1744/572 519/1745/573 642/1746/574
f 642/1747/574 530/1748/575 517/1749/572
f 539/1750/576 646/1751/577 538/1752/578
f 538/1753/578 647/1754/579 539/1755/576
f 638/1756/570 564/1757/580 571/1758/581
f 563/1759/567 570/1760/566 564/1761/580
f 509/1762/582 639/1763/583 568/1764/584
f 509/1762/582 566/1765/585 639/1763/583
f 509/1762/582 568/1764/584 563/1766/567
f 539/1750/576 647/1767/579 535/1768/586
f 565/1741/587 566/1769/585 510/1770/588
f 510/1771/588 561/1772/589 565/1773/569
f 560/1774/590 565/1775/569 561/1776/589
f 646/1777/577 597/1778/591 511/1779/592
f 524/1780/593 540/1781/594 583/1782/595
f 563/1759/567 564/1761/580 557/1783/596
f 559/1784/597 512/1785/598 564/1786/580
f 556/1787/599 566/1788/585 509/1789/582
f 513/1790/600 561/1791/589 510/1792/588
f 510/1771/588 555/1793/601 513/1794/600
f 510/1795/588 562/1796/602 555/1797/601
f 524/1780/593 583/1782/595 542/1798/603
f 514/1799/604 559/1800/597 560/1801/590
f 514/1802/604 560/1803/590 561/1804/589
f 515/1805/605 557/1806/606 512/1807/607
f 512/1808/608 559/1800/597 558/1809/609
f 551/1810/610 637/1811/611 515/1812/612
f 542/1798/603 583/1782/595 543/1813/613
f 548/1814/614 607/1815/615 612/1816/616
f 612/1816/616 650/1817/617 548/1814/614
f 517/1818/572 537/1819/618 516/1820/619
f 548/1814/614 650/1817/617 648/1821/620
f 518/1822/621 598/1823/622 545/1824/623
f 550/1825/624 547/1826/625 549/1827/626
f 550/1828/624 528/1829/627 547/1830/625
f 600/1831/628 544/1832/629 598/1833/622
f 598/1823/622 518/1822/621 600/1834/628
f 516/1820/619 536/1835/630 519/1836/573
f 648/1837/620 650/1838/617 610/1839/631
f 552/1840/632 526/1841/633 544/1842/629
f 570/1843/566 574/1844/634 571/1845/581
f 568/1846/584 639/1847/583 572/1848/635
f 576/1849/636 568/1850/584 572/1851/635
f 574/1852/634 570/1853/566 520/1854/637
f 640/1855/638 572/1856/635 567/1857/571
f 567/1858/571 573/1859/639 640/1860/638
f 575/1861/640 574/1852/634 520/1854/637
f 521/1862/641 576/1849/636 572/1851/635
f 521/1863/641 640/1855/638 641/1864/642
f 521/1862/641 536/1865/630 535/1866/586
f 535/1867/586 576/1868/636 521/1869/641
f 520/1854/637 576/1870/636 535/1871/586
f 535/1872/586 575/1873/640 520/1874/637
f 642/1875/574 519/1876/573 575/1877/640
f 575/1878/640 519/1879/573 641/1880/642
f 577/1881/643 581/1882/644 643/1883/645
f 578/1884/646 579/1885/647 643/1886/645
f 580/1887/648 537/1888/618 578/1889/646
f 516/1820/619 580/1890/648 577/1891/643
f 577/1881/643 511/1892/592 516/1893/619
f 581/1894/644 583/1895/595 578/1896/646
f 578/1897/646 643/1898/645 581/1899/644
f 583/1782/595 584/1900/649 580/1901/648
f 644/1902/650 584/1903/649 582/1904/651
f 522/1905/652 644/1906/650 582/1907/651
f 522/1908/652 583/1909/595 581/1910/644
f 523/1911/653 586/1912/654 585/1913/655
f 541/1914/656 588/1915/657 587/1916/658
f 541/1917/656 587/1918/658 592/1919/659
f 592/1920/659 523/1921/653 541/1922/656
f 540/1781/594 586/1923/654 588/1924/657
f 588/1925/657 593/1926/660 589/1927/661
f 592/1920/659 587/1928/658 589/1927/661
f 592/1929/659 593/1930/660 586/1931/654
f 590/1932/662 591/1933/663 592/1934/659
f 593/1935/660 592/1936/659 591/1937/663
f 594/1938/664 589/1939/661 593/1940/660
f 594/1941/664 590/1942/662 589/1943/661
f 591/1933/663 590/1932/662 632/1944/665
f 542/1945/603 525/1946/666 524/1947/593
f 645/1948/667 542/1798/603 543/1813/613
f 525/1949/666 596/1950/668 524/1951/593
f 595/1952/669 525/1953/666 542/1954/603
f 595/1955/669 553/1956/670 596/1957/668
f 596/1957/668 525/1958/666 595/1955/669
f 553/1956/670 595/1955/669 645/1959/667
f 645/1960/667 596/1961/668 553/1962/670
f 545/1963/623 598/1964/622 539/1965/576
f 539/1966/576 516/1967/619 545/1968/623
f 544/1832/629 646/1969/577 598/1833/622
f 599/1970/671 634/1971/672 526/1972/633
f 518/1973/621 526/1972/633 633/1974/673
f 634/1971/672 633/1974/673 526/1972/633
f 600/1831/628 633/1974/673 634/1971/672
f 546/1975/674 527/1976/675 601/1977/676
f 601/1977/676 602/1978/677 600/1831/628
f 602/1978/677 601/1977/676 527/1976/675
f 604/1979/678 647/1980/579 603/1981/679
f 605/1982/680 579/1983/647 604/1984/678
f 606/1985/681 647/1754/579 538/1753/578
f 538/1986/578 579/1885/647 606/1987/681
f 649/1988/682 605/1989/680 648/1990/620
f 528/1991/627 550/1992/624 608/1993/683
f 550/1994/624 549/1995/626 529/1996/684
f 619/1997/685 528/1998/627 608/1999/683
f 612/1816/616 609/2000/686 650/1817/617
f 650/1817/617 609/2000/686 614/2001/687
f 610/2002/631 650/2003/617 614/2004/687
f 610/2005/631 614/2001/687 615/2006/688
f 611/2007/689 610/2005/631 615/2006/688
f 549/2008/626 615/2009/688 616/2010/690
f 616/2011/690 615/2012/688 635/2013/691
f 609/2014/686 616/2015/690 635/2016/691
f 613/2017/692 614/2018/687 617/2019/693
f 617/2020/693 614/2021/687 609/2022/686
f 609/2014/686 635/2016/691 617/2023/693
f 651/2024/694 529/1996/684 618/2025/695
f 620/2026/696 608/2027/683 529/2028/684
f 621/2029/697 619/2030/685 554/2031/698
f 651/2024/694 621/2032/697 636/2033/699
f 529/1996/684 651/2024/694 636/2033/699
f 517/1818/572 625/2034/700 531/2035/701
f 625/2036/700 517/2037/572 652/2038/702
f 622/2039/703 531/2040/701 654/2041/704
f 653/2042/705 652/2043/702 530/2044/575
f 625/2036/700 652/2038/702 623/2045/706
f 623/2045/706 532/2046/707 625/2036/700
f 532/2047/707 627/2048/708 625/2049/700
f 627/2050/708 624/2051/709 654/2052/704
f 623/2053/706 653/2042/705 624/2054/709
f 626/2055/710 532/2056/707 629/2057/711
f 532/2047/707 626/2058/710 630/2059/712
f 630/2060/712 627/2061/708 532/2062/707
f 630/2060/712 629/2063/711 627/2061/708
f 623/2053/706 624/2054/709 629/2064/711
f 629/2063/711 628/2065/713 533/2066/714
f 533/2066/714 628/2065/713 631/2067/715
f 630/2060/712 534/2068/716 631/2067/715
f 552/2069/632 546/2070/674 526/2071/633
f 567/1858/571 638/2072/570 573/1859/639
f 567/1858/571 639/2073/583 566/2074/585
f 571/2075/581 573/2076/639 638/2077/570
f 569/2078/568 563/2079/567 568/2080/584
f 566/2081/585 565/2082/587 567/2083/571
f 622/2039/703 604/2084/678 537/2085/618
f 540/1781/594 524/1780/593 585/2086/655
f 564/2087/580 570/2088/566 571/2075/581
f 536/2089/630 539/1750/576 535/1768/586
f 539/1750/576 536/2089/630 516/2090/619
f 566/2081/585 562/2091/602 510/2092/588
f 563/2093/567 637/2094/611 556/2095/599 509/2096/582
f 560/2097/590 638/2098/570 565/2099/569
f 511/2100/592 643/2101/645 538/1752/578
f 511/1779/592 538/2102/578 646/1777/577
f 530/2103/575 604/2104/678 622/2105/703
f 642/1875/574 604/1984/678 530/2106/575
f 522/1905/652 523/2107/653 543/1813/613
f 557/1806/596 637/2108/611 563/2109/567
f 557/1806/606 564/2110/717 512/1807/607
f 536/1835/630 521/2111/641 641/2112/642 519/1836/573
f 556/1787/599 562/2113/718 566/1788/585
f 514/1802/604 558/2114/719 559/2115/597
f 515/2116/720 637/2117/611 557/2118/596
f 551/1810/610 562/2119/718 556/2120/599
f 551/1810/610 556/2120/599 637/1811/611
f 541/2121/656 522/1908/652 582/2122/651
f 541/2121/656 582/2122/651 540/2123/594
f 600/2124/628 599/2125/671 546/2070/674
f 526/1972/633 546/1975/674 599/1970/671
f 548/2126/614 648/2127/620 528/1998/627
f 545/1824/623 526/1841/633 518/1822/621
f 517/1818/572 516/1820/619 519/1836/573
f 610/2002/631 649/1988/682 648/1990/620
f 544/1832/629 600/1831/628 552/2128/632
f 604/2129/678 642/2130/574 535/1872/586
f 604/2129/678 535/1872/586 647/2131/579
f 649/2132/682 610/2005/631 611/2007/689
f 649/2132/682 611/2007/689 547/2133/625
f 549/2008/626 547/1830/625 611/2134/689
f 568/1846/584 576/2135/636 569/2136/568
f 567/1858/571 572/2137/635 639/2073/583
f 520/1854/637 570/1853/566 569/2138/568
f 571/2075/581 574/2139/634 573/2076/639
f 640/1855/638 573/2140/639 641/1864/642
f 520/1854/637 569/2138/568 576/1870/636
f 574/2141/634 641/1880/642 573/2142/639
f 574/2141/634 575/1878/640 641/1880/642
f 572/1851/635 640/2143/638 521/1862/641
f 535/1872/586 642/2130/574 575/1873/640
f 522/1905/652 581/2144/644 577/2145/643 644/1906/650
f 511/2100/592 577/2146/643 643/2101/645
f 578/2147/646 604/1984/678 579/1983/647
f 643/2148/645 579/1983/647 538/1753/578
f 537/1888/618 604/2104/678 578/1889/646
f 511/2149/592 597/2150/591 516/1820/619
f 516/1820/619 537/1819/618 580/1890/648
f 526/2071/633 597/2151/591 646/2152/577 544/2153/629
f 580/1887/648 578/1889/646 583/2154/595
f 577/2155/643 580/2156/648 584/1903/649
f 584/1903/649 644/1902/650 577/2155/643
f 583/1782/595 540/1781/594 584/1900/649
f 582/2122/651 584/2157/649 540/2123/594
f 522/1908/652 543/2158/613 583/1909/595
f 540/2123/594 588/2159/657 541/2121/656
f 523/2160/653 522/1908/652 541/2121/656
f 585/1913/655 543/2161/613 523/1911/653
f 540/1781/594 585/2086/655 586/1923/654
f 586/1923/654 593/2162/660 588/1924/657
f 523/2160/653 592/2163/659 586/2164/654
f 589/1943/661 587/2165/658 588/2166/657
f 590/1932/662 592/1934/659 589/1939/661
f 564/2087/580 638/2077/570 560/2167/590 559/2168/597
f 591/2169/663 594/1941/664 593/2170/660
f 594/2171/664 591/2172/663 632/2173/665
f 594/2171/664 632/2173/665 590/2174/662
f 585/2086/655 524/1780/593 645/1948/667
f 543/1813/613 585/2086/655 645/1948/667
f 524/2175/593 596/1961/668 645/1960/667
f 645/1948/667 595/2176/669 542/1798/603
f 598/1833/622 646/1969/577 539/2177/576
f 648/1837/620 605/2178/680 604/2179/678 603/2180/679
f 597/2150/591 526/2181/633 545/2182/623
f 545/2183/623 516/2184/619 597/2185/591
f 633/2186/673 600/1834/628 518/1822/621
f 634/2187/672 599/2188/671 600/1834/628
f 552/2128/632 527/1976/675 546/1975/674
f 546/2189/674 601/2190/676 600/1834/628
f 600/1831/628 527/1976/675 552/2128/632
f 600/1834/628 602/2191/677 527/2192/675
f 647/1980/579 606/1987/681 603/1981/679
f 579/1885/647 605/2193/680 649/2194/682 547/2195/625
f 528/1998/627 648/2127/620 603/2196/679
f 603/1981/679 606/1987/681 528/2197/627
f 529/2198/684 549/1827/626 607/2199/615 618/2200/695
f 547/1830/625 528/1829/627 606/2201/681
f 547/1830/625 606/2201/681 579/2202/647
f 528/1998/627 619/1997/685 548/2126/614
f 548/2203/614 619/2204/685 618/2205/695
f 548/2203/614 618/2205/695 607/2206/615
f 529/2028/684 608/2027/683 550/1828/624
f 612/2207/616 607/2199/615 549/1827/626
f 611/2134/689 615/2009/688 549/2008/626
f 616/2011/690 612/2208/616 549/2209/626
f 609/2014/686 612/2210/616 616/2015/690
f 613/2211/692 615/2212/688 614/2021/687
f 635/2213/691 615/2212/688 613/2211/692
f 635/2213/691 613/2211/692 617/2020/693
f 619/2204/685 651/2214/694 618/2205/695
f 620/2215/696 619/2216/685 608/2217/683
f 619/2204/685 621/2218/697 651/2214/694
f 554/2219/698 619/2220/685 620/2221/696
f 554/2219/698 620/2221/696 636/2222/699
f 529/2028/684 636/2223/699 620/2026/696
f 621/2224/697 554/2219/698 636/2222/699
f 517/2225/572 530/2226/575 652/2227/702
f 531/2228/701 537/2229/618 517/2230/572
f 622/2039/703 537/2085/618 531/2040/701
f 654/2231/704 653/2232/705 622/2233/703
f 530/2044/575 622/2234/703 653/2042/705
f 625/2235/700 654/2236/704 531/2228/701
f 654/2231/704 624/2237/709 653/2232/705
f 623/2053/706 652/2043/702 653/2042/705
f 625/2235/700 627/2238/708 654/2236/704
f 627/2050/708 629/2239/711 624/2051/709
f 629/2057/711 532/2056/707 623/2240/706
f 630/2241/712 628/2242/713 629/2057/711
f 626/2055/710 629/2057/711 533/2243/714
f 630/2060/712 626/2244/710 533/2066/714
f 631/2245/715 628/2242/713 630/2241/712
f 630/2060/712 533/2066/714 534/2068/716
f 534/2068/716 533/2066/714 631/2067/715
